{"id": "water", "type": "TRIANGLES_3D_LAYER", "renderStyle": ["FLAT_COLOR"], "styleKey": "water", "visible": true, "selectable": true, "skip": false, "data": [{"type": "type", "geometry": {"coordinates": [0, 15], "indices": [0, 6]}}, {"type": "type", "geometry": {"coordinates": [15, 273], "indices": [6, 264]}}, {"type": "type", "geometry": {"coordinates": [288, 567], "indices": [270, 558]}}, {"type": "type", "geometry": {"coordinates": [855, 51], "indices": [828, 42]}}, {"type": "type", "geometry": {"coordinates": [906, 42], "indices": [870, 33]}}, {"type": "type", "geometry": {"coordinates": [948, 60], "indices": [903, 51]}}, {"type": "type", "geometry": {"coordinates": [1008, 60], "indices": [954, 51]}}, {"type": "type", "geometry": {"coordinates": [1068, 60], "indices": [1005, 51]}}, {"type": "type", "geometry": {"coordinates": [1128, 66], "indices": [1056, 57]}}, {"type": "type", "geometry": {"coordinates": [1194, 15], "indices": [1113, 6]}}, {"type": "type", "geometry": {"coordinates": [1209, 15], "indices": [1119, 6]}}, {"type": "type", "geometry": {"coordinates": [1224, 15], "indices": [1125, 6]}}, {"type": "type", "geometry": {"coordinates": [1239, 27], "indices": [1131, 18]}}, {"type": "type", "geometry": {"coordinates": [1266, 15], "indices": [1149, 6]}}, {"type": "type", "geometry": {"coordinates": [1281, 15], "indices": [1155, 6]}}, {"type": "type", "geometry": {"coordinates": [1296, 15], "indices": [1161, 6]}}, {"type": "type", "geometry": {"coordinates": [1311, 15], "indices": [1167, 6]}}, {"type": "type", "geometry": {"coordinates": [1326, 18], "indices": [1173, 9]}}, {"type": "type", "geometry": {"coordinates": [1344, 21], "indices": [1182, 12]}}, {"type": "type", "geometry": {"coordinates": [1365, 15], "indices": [1194, 6]}}, {"type": "type", "geometry": {"coordinates": [1380, 18], "indices": [1200, 9]}}, {"type": "type", "geometry": {"coordinates": [1398, 21], "indices": [1209, 12]}}, {"type": "type", "geometry": {"coordinates": [1419, 27], "indices": [1221, 18]}}, {"type": "type", "geometry": {"coordinates": [1446, 24], "indices": [1239, 15]}}, {"type": "type", "geometry": {"coordinates": [1470, 21], "indices": [1254, 12]}}, {"type": "type", "geometry": {"coordinates": [1491, 33], "indices": [1266, 24]}}, {"type": "type", "geometry": {"coordinates": [1524, 21], "indices": [1290, 12]}}, {"type": "type", "geometry": {"coordinates": [1545, 60], "indices": [1302, 51]}}]}