{"id": "water", "type": "TRIANGLES_3D_LAYER", "renderStyle": ["FLAT_COLOR"], "styleKey": "water", "visible": true, "selectable": true, "skip": false, "data": [{"type": "type", "geometry": {"coordinates": [0, 1392], "indices": [0, 1401]}}, {"type": "type", "geometry": {"coordinates": [1392, 1194], "indices": [1401, 1188]}}, {"type": "type", "geometry": {"coordinates": [2586, 813], "indices": [2589, 813]}}, {"type": "type", "geometry": {"coordinates": [3399, 138], "indices": [3402, 132]}}, {"type": "type", "geometry": {"coordinates": [3537, 108], "indices": [3534, 99]}}, {"type": "type", "geometry": {"coordinates": [3645, 1467], "indices": [3633, 1470]}}, {"type": "type", "geometry": {"coordinates": [5112, 4824], "indices": [5103, 4872]}}, {"type": "type", "geometry": {"coordinates": [9936, 363], "indices": [9975, 354]}}, {"type": "type", "geometry": {"coordinates": [10299, 33], "indices": [10329, 24]}}, {"type": "type", "geometry": {"coordinates": [10332, 165], "indices": [10353, 156]}}, {"type": "type", "geometry": {"coordinates": [10497, 18], "indices": [10509, 9]}}, {"type": "type", "geometry": {"coordinates": [10515, 15], "indices": [10518, 6]}}, {"type": "type", "geometry": {"coordinates": [10530, 153], "indices": [10524, 147]}}, {"type": "type", "geometry": {"coordinates": [10683, 642], "indices": [10671, 633]}}, {"type": "type", "geometry": {"coordinates": [11325, 2079], "indices": [11304, 2073]}}, {"type": "type", "geometry": {"coordinates": [13404, 153], "indices": [13377, 147]}}, {"type": "type", "geometry": {"coordinates": [13557, 276], "indices": [13524, 270]}}, {"type": "type", "geometry": {"coordinates": [13833, 2733], "indices": [13794, 2724]}}, {"type": "type", "geometry": {"coordinates": [16566, 372], "indices": [16518, 363]}}, {"type": "type", "geometry": {"coordinates": [16938, 765], "indices": [16881, 756]}}, {"type": "type", "geometry": {"coordinates": [17703, 63], "indices": [17637, 54]}}, {"type": "type", "geometry": {"coordinates": [17766, 4707], "indices": [17691, 4698]}}, {"type": "type", "geometry": {"coordinates": [22473, 102], "indices": [22389, 93]}}, {"type": "type", "geometry": {"coordinates": [22575, 12], "indices": [22482, 3]}}, {"type": "type", "geometry": {"coordinates": [22587, 21], "indices": [22485, 12]}}, {"type": "type", "geometry": {"coordinates": [22608, 3900], "indices": [22497, 3891]}}, {"type": "type", "geometry": {"coordinates": [26508, 24], "indices": [26388, 15]}}, {"type": "type", "geometry": {"coordinates": [26532, 27], "indices": [26403, 18]}}, {"type": "type", "geometry": {"coordinates": [26559, 282], "indices": [26421, 273]}}, {"type": "type", "geometry": {"coordinates": [26841, 5427], "indices": [26694, 5436]}}, {"type": "type", "geometry": {"coordinates": [32268, 3567], "indices": [32130, 3561]}}, {"type": "type", "geometry": {"coordinates": [35835, 18], "indices": [35691, 9]}}, {"type": "type", "geometry": {"coordinates": [35853, 12], "indices": [35700, 3]}}, {"type": "type", "geometry": {"coordinates": [35865, 1650], "indices": [35703, 1638]}}, {"type": "type", "geometry": {"coordinates": [37515, 696], "indices": [37341, 687]}}, {"type": "type", "geometry": {"coordinates": [38211, 264], "indices": [38028, 255]}}, {"type": "type", "geometry": {"coordinates": [38475, 30], "indices": [38283, 21]}}, {"type": "type", "geometry": {"coordinates": [38505, 126], "indices": [38304, 120]}}, {"type": "type", "geometry": {"coordinates": [38631, 603], "indices": [38424, 594]}}, {"type": "type", "geometry": {"coordinates": [39234, 63], "indices": [39018, 57]}}, {"type": "type", "geometry": {"coordinates": [39297, 186], "indices": [39075, 180]}}, {"type": "type", "geometry": {"coordinates": [39483, 198], "indices": [39255, 192]}}, {"type": "type", "geometry": {"coordinates": [39681, 90], "indices": [39447, 84]}}, {"type": "type", "geometry": {"coordinates": [39771, 33], "indices": [39531, 24]}}, {"type": "type", "geometry": {"coordinates": [39804, 1638], "indices": [39555, 1638]}}, {"type": "type", "geometry": {"coordinates": [41442, 762], "indices": [41193, 759]}}, {"type": "type", "geometry": {"coordinates": [42204, 24], "indices": [41952, 15]}}, {"type": "type", "geometry": {"coordinates": [42228, 528], "indices": [41967, 522]}}, {"type": "type", "geometry": {"coordinates": [42756, 4920], "indices": [42489, 4971]}}, {"type": "type", "geometry": {"coordinates": [47676, 321], "indices": [47460, 315]}}, {"type": "type", "geometry": {"coordinates": [47997, 4113], "indices": [47775, 4107]}}, {"type": "type", "geometry": {"coordinates": [52110, 369], "indices": [51882, 360]}}, {"type": "type", "geometry": {"coordinates": [52479, 102], "indices": [52242, 96]}}, {"type": "type", "geometry": {"coordinates": [52581, 33], "indices": [52338, 24]}}, {"type": "type", "geometry": {"coordinates": [52614, 282], "indices": [52362, 276]}}, {"type": "type", "geometry": {"coordinates": [52896, 699], "indices": [52638, 705]}}, {"type": "type", "geometry": {"coordinates": [53595, 516], "indices": [53343, 507]}}, {"type": "type", "geometry": {"coordinates": [54111, 15], "indices": [53850, 6]}}, {"type": "type", "geometry": {"coordinates": [54126, 258], "indices": [53856, 249]}}, {"type": "type", "geometry": {"coordinates": [54384, 144], "indices": [54105, 135]}}, {"type": "type", "geometry": {"coordinates": [54528, 276], "indices": [54240, 267]}}, {"type": "type", "geometry": {"coordinates": [54804, 309], "indices": [54507, 300]}}, {"type": "type", "geometry": {"coordinates": [55113, 318], "indices": [54807, 312]}}, {"type": "type", "geometry": {"coordinates": [55431, 327], "indices": [55119, 318]}}, {"type": "type", "geometry": {"coordinates": [55758, 342], "indices": [55437, 333]}}, {"type": "type", "geometry": {"coordinates": [56100, 213], "indices": [55770, 204]}}, {"type": "type", "geometry": {"coordinates": [56313, 54], "indices": [55974, 45]}}, {"type": "type", "geometry": {"coordinates": [56367, 81], "indices": [56019, 72]}}, {"type": "type", "geometry": {"coordinates": [56448, 30], "indices": [56091, 21]}}, {"type": "type", "geometry": {"coordinates": [56478, 102], "indices": [56112, 96]}}, {"type": "type", "geometry": {"coordinates": [56580, 93], "indices": [56208, 87]}}, {"type": "type", "geometry": {"coordinates": [56673, 234], "indices": [56295, 228]}}, {"type": "type", "geometry": {"coordinates": [56907, 411], "indices": [56523, 411]}}, {"type": "type", "geometry": {"coordinates": [57318, 126], "indices": [56934, 120]}}, {"type": "type", "geometry": {"coordinates": [57444, 120], "indices": [57054, 114]}}, {"type": "type", "geometry": {"coordinates": [57564, 315], "indices": [57168, 312]}}, {"type": "type", "geometry": {"coordinates": [57879, 573], "indices": [57480, 591]}}, {"type": "type", "geometry": {"coordinates": [58452, 12], "indices": [58071, 3]}}, {"type": "type", "geometry": {"coordinates": [58464, 12], "indices": [58074, 3]}}, {"type": "type", "geometry": {"coordinates": [58476, 12], "indices": [58077, 3]}}, {"type": "type", "geometry": {"coordinates": [58488, 18], "indices": [58080, 9]}}, {"type": "type", "geometry": {"coordinates": [58506, 126], "indices": [58089, 117]}}, {"type": "type", "geometry": {"coordinates": [58632, 264], "indices": [58206, 255]}}, {"type": "type", "geometry": {"coordinates": [58896, 96], "indices": [58461, 90]}}, {"type": "type", "geometry": {"coordinates": [58992, 174], "indices": [58551, 165]}}, {"type": "type", "geometry": {"coordinates": [59166, 330], "indices": [58716, 321]}}, {"type": "type", "geometry": {"coordinates": [59496, 24], "indices": [59037, 15]}}, {"type": "type", "geometry": {"coordinates": [59520, 240], "indices": [59052, 231]}}, {"type": "type", "geometry": {"coordinates": [59760, 297], "indices": [59283, 303]}}, {"type": "type", "geometry": {"coordinates": [60057, 180], "indices": [59586, 171]}}, {"type": "type", "geometry": {"coordinates": [60237, 177], "indices": [59757, 174]}}, {"type": "type", "geometry": {"coordinates": [60414, 48], "indices": [59931, 39]}}, {"type": "type", "geometry": {"coordinates": [60462, 15], "indices": [59970, 6]}}, {"type": "type", "geometry": {"coordinates": [60477, 426], "indices": [59976, 417]}}, {"type": "type", "geometry": {"coordinates": [60903, 138], "indices": [60393, 129]}}, {"type": "type", "geometry": {"coordinates": [61041, 18], "indices": [60522, 9]}}, {"type": "type", "geometry": {"coordinates": [61059, 108], "indices": [60531, 99]}}, {"type": "type", "geometry": {"coordinates": [61167, 12], "indices": [60630, 3]}}, {"type": "type", "geometry": {"coordinates": [61179, 63], "indices": [60633, 54]}}, {"type": "type", "geometry": {"coordinates": [61242, 57], "indices": [60687, 48]}}, {"type": "type", "geometry": {"coordinates": [61299, 12], "indices": [60735, 3]}}, {"type": "type", "geometry": {"coordinates": [61311, 474], "indices": [60738, 465]}}, {"type": "type", "geometry": {"coordinates": [61785, 747], "indices": [61203, 744]}}, {"type": "type", "geometry": {"coordinates": [62532, 66], "indices": [61947, 57]}}, {"type": "type", "geometry": {"coordinates": [62598, 105], "indices": [62004, 96]}}, {"type": "type", "geometry": {"coordinates": [62703, 66], "indices": [62100, 57]}}, {"type": "type", "geometry": {"coordinates": [62769, 231], "indices": [62157, 222]}}, {"type": "type", "geometry": {"coordinates": [63000, 216], "indices": [62379, 207]}}, {"type": "type", "geometry": {"coordinates": [63216, 321], "indices": [62586, 321]}}, {"type": "type", "geometry": {"coordinates": [63537, 246], "indices": [62907, 237]}}, {"type": "type", "geometry": {"coordinates": [63783, 264], "indices": [63144, 255]}}, {"type": "type", "geometry": {"coordinates": [64047, 129], "indices": [63399, 120]}}, {"type": "type", "geometry": {"coordinates": [64176, 354], "indices": [63519, 345]}}, {"type": "type", "geometry": {"coordinates": [64530, 132], "indices": [63864, 123]}}, {"type": "type", "geometry": {"coordinates": [64662, 57], "indices": [63987, 48]}}, {"type": "type", "geometry": {"coordinates": [64719, 102], "indices": [64035, 93]}}, {"type": "type", "geometry": {"coordinates": [64821, 141], "indices": [64128, 132]}}, {"type": "type", "geometry": {"coordinates": [64962, 57], "indices": [64260, 48]}}, {"type": "type", "geometry": {"coordinates": [65019, 219], "indices": [64308, 213]}}, {"type": "type", "geometry": {"coordinates": [65238, 39], "indices": [64521, 30]}}, {"type": "type", "geometry": {"coordinates": [65277, 186], "indices": [64551, 177]}}, {"type": "type", "geometry": {"coordinates": [65463, 159], "indices": [64728, 150]}}, {"type": "type", "geometry": {"coordinates": [65622, 204], "indices": [64878, 195]}}, {"type": "type", "geometry": {"coordinates": [65826, 102], "indices": [65073, 93]}}, {"type": "type", "geometry": {"coordinates": [65928, 105], "indices": [65166, 96]}}, {"type": "type", "geometry": {"coordinates": [66033, 150], "indices": [65262, 141]}}, {"type": "type", "geometry": {"coordinates": [66183, 387], "indices": [65403, 381]}}, {"type": "type", "geometry": {"coordinates": [66570, 207], "indices": [65784, 198]}}, {"type": "type", "geometry": {"coordinates": [66777, 120], "indices": [65982, 111]}}, {"type": "type", "geometry": {"coordinates": [66897, 87], "indices": [66093, 78]}}, {"type": "type", "geometry": {"coordinates": [66984, 306], "indices": [66171, 300]}}, {"type": "type", "geometry": {"coordinates": [67290, 267], "indices": [66471, 255]}}, {"type": "type", "geometry": {"coordinates": [67557, 135], "indices": [66726, 126]}}, {"type": "type", "geometry": {"coordinates": [67692, 63], "indices": [66852, 54]}}, {"type": "type", "geometry": {"coordinates": [67755, 63], "indices": [66906, 54]}}, {"type": "type", "geometry": {"coordinates": [67818, 189], "indices": [66960, 177]}}, {"type": "type", "geometry": {"coordinates": [68007, 279], "indices": [67137, 270]}}, {"type": "type", "geometry": {"coordinates": [68286, 21], "indices": [67407, 12]}}, {"type": "type", "geometry": {"coordinates": [68307, 393], "indices": [67419, 384]}}, {"type": "type", "geometry": {"coordinates": [68700, 78], "indices": [67803, 69]}}, {"type": "type", "geometry": {"coordinates": [68778, 36], "indices": [67872, 27]}}, {"type": "type", "geometry": {"coordinates": [68814, 78], "indices": [67899, 69]}}, {"type": "type", "geometry": {"coordinates": [68892, 105], "indices": [67968, 96]}}, {"type": "type", "geometry": {"coordinates": [68997, 57], "indices": [68064, 48]}}, {"type": "type", "geometry": {"coordinates": [69054, 72], "indices": [68112, 63]}}, {"type": "type", "geometry": {"coordinates": [69126, 150], "indices": [68175, 141]}}, {"type": "type", "geometry": {"coordinates": [69276, 72], "indices": [68316, 60]}}, {"type": "type", "geometry": {"coordinates": [69348, 78], "indices": [68376, 69]}}, {"type": "type", "geometry": {"coordinates": [69426, 528], "indices": [68445, 519]}}, {"type": "type", "geometry": {"coordinates": [69954, 816], "indices": [68964, 807]}}, {"type": "type", "geometry": {"coordinates": [70770, 105], "indices": [69771, 96]}}, {"type": "type", "geometry": {"coordinates": [70875, 123], "indices": [69867, 114]}}, {"type": "type", "geometry": {"coordinates": [70998, 312], "indices": [69981, 303]}}, {"type": "type", "geometry": {"coordinates": [71310, 90], "indices": [70284, 81]}}, {"type": "type", "geometry": {"coordinates": [71400, 12], "indices": [70365, 3]}}, {"type": "type", "geometry": {"coordinates": [71412, 129], "indices": [70368, 120]}}, {"type": "type", "geometry": {"coordinates": [71541, 192], "indices": [70488, 183]}}, {"type": "type", "geometry": {"coordinates": [71733, 222], "indices": [70671, 213]}}, {"type": "type", "geometry": {"coordinates": [71955, 309], "indices": [70884, 300]}}, {"type": "type", "geometry": {"coordinates": [72264, 18], "indices": [71184, 9]}}, {"type": "type", "geometry": {"coordinates": [72282, 27], "indices": [71193, 18]}}, {"type": "type", "geometry": {"coordinates": [72309, 600], "indices": [71211, 591]}}, {"type": "type", "geometry": {"coordinates": [72909, 489], "indices": [71802, 483]}}, {"type": "type", "geometry": {"coordinates": [73398, 153], "indices": [72285, 144]}}, {"type": "type", "geometry": {"coordinates": [73551, 63], "indices": [72429, 54]}}, {"type": "type", "geometry": {"coordinates": [73614, 123], "indices": [72483, 114]}}, {"type": "type", "geometry": {"coordinates": [73737, 138], "indices": [72597, 129]}}, {"type": "type", "geometry": {"coordinates": [73875, 84], "indices": [72726, 75]}}, {"type": "type", "geometry": {"coordinates": [73959, 465], "indices": [72801, 456]}}, {"type": "type", "geometry": {"coordinates": [74424, 393], "indices": [73257, 384]}}, {"type": "type", "geometry": {"coordinates": [74817, 45], "indices": [73641, 36]}}, {"type": "type", "geometry": {"coordinates": [74862, 450], "indices": [73677, 441]}}, {"type": "type", "geometry": {"coordinates": [75312, 420], "indices": [74118, 411]}}, {"type": "type", "geometry": {"coordinates": [75732, 180], "indices": [74529, 171]}}, {"type": "type", "geometry": {"coordinates": [75912, 144], "indices": [74700, 135]}}, {"type": "type", "geometry": {"coordinates": [76056, 15], "indices": [74835, 6]}}, {"type": "type", "geometry": {"coordinates": [76071, 15], "indices": [74841, 6]}}, {"type": "type", "geometry": {"coordinates": [76086, 120], "indices": [74847, 111]}}, {"type": "type", "geometry": {"coordinates": [76206, 126], "indices": [74958, 117]}}, {"type": "type", "geometry": {"coordinates": [76332, 84], "indices": [75075, 75]}}, {"type": "type", "geometry": {"coordinates": [76416, 51], "indices": [75150, 42]}}, {"type": "type", "geometry": {"coordinates": [76467, 24], "indices": [75192, 15]}}, {"type": "type", "geometry": {"coordinates": [76491, 45], "indices": [75207, 36]}}, {"type": "type", "geometry": {"coordinates": [76536, 33], "indices": [75243, 24]}}, {"type": "type", "geometry": {"coordinates": [76569, 36], "indices": [75267, 27]}}, {"type": "type", "geometry": {"coordinates": [76605, 39], "indices": [75294, 30]}}, {"type": "type", "geometry": {"coordinates": [76644, 69], "indices": [75324, 60]}}, {"type": "type", "geometry": {"coordinates": [76713, 36], "indices": [75384, 27]}}, {"type": "type", "geometry": {"coordinates": [76749, 996], "indices": [75411, 987]}}, {"type": "type", "geometry": {"coordinates": [77745, 117], "indices": [76398, 108]}}, {"type": "type", "geometry": {"coordinates": [77862, 90], "indices": [76506, 81]}}, {"type": "type", "geometry": {"coordinates": [77952, 63], "indices": [76587, 54]}}, {"type": "type", "geometry": {"coordinates": [78015, 48], "indices": [76641, 39]}}, {"type": "type", "geometry": {"coordinates": [78063, 117], "indices": [76680, 108]}}, {"type": "type", "geometry": {"coordinates": [78180, 114], "indices": [76788, 105]}}, {"type": "type", "geometry": {"coordinates": [78294, 135], "indices": [76893, 126]}}, {"type": "type", "geometry": {"coordinates": [78429, 33], "indices": [77019, 24]}}, {"type": "type", "geometry": {"coordinates": [78462, 60], "indices": [77043, 51]}}, {"type": "type", "geometry": {"coordinates": [78522, 39], "indices": [77094, 30]}}, {"type": "type", "geometry": {"coordinates": [78561, 21], "indices": [77124, 12]}}, {"type": "type", "geometry": {"coordinates": [78582, 60], "indices": [77136, 51]}}, {"type": "type", "geometry": {"coordinates": [78642, 93], "indices": [77187, 84]}}, {"type": "type", "geometry": {"coordinates": [78735, 42], "indices": [77271, 33]}}, {"type": "type", "geometry": {"coordinates": [78777, 90], "indices": [77304, 81]}}, {"type": "type", "geometry": {"coordinates": [78867, 42], "indices": [77385, 33]}}, {"type": "type", "geometry": {"coordinates": [78909, 135], "indices": [77418, 126]}}, {"type": "type", "geometry": {"coordinates": [79044, 51], "indices": [77544, 42]}}, {"type": "type", "geometry": {"coordinates": [79095, 204], "indices": [77586, 195]}}, {"type": "type", "geometry": {"coordinates": [79299, 105], "indices": [77781, 96]}}, {"type": "type", "geometry": {"coordinates": [79404, 33], "indices": [77877, 24]}}, {"type": "type", "geometry": {"coordinates": [79437, 69], "indices": [77901, 60]}}, {"type": "type", "geometry": {"coordinates": [79506, 63], "indices": [77961, 54]}}, {"type": "type", "geometry": {"coordinates": [79569, 249], "indices": [78015, 240]}}, {"type": "type", "geometry": {"coordinates": [79818, 108], "indices": [78255, 99]}}, {"type": "type", "geometry": {"coordinates": [79926, 99], "indices": [78354, 90]}}, {"type": "type", "geometry": {"coordinates": [80025, 447], "indices": [78444, 438]}}, {"type": "type", "geometry": {"coordinates": [80472, 51], "indices": [78882, 42]}}, {"type": "type", "geometry": {"coordinates": [80523, 102], "indices": [78924, 93]}}, {"type": "type", "geometry": {"coordinates": [80625, 54], "indices": [79017, 45]}}, {"type": "type", "geometry": {"coordinates": [80679, 144], "indices": [79062, 135]}}, {"type": "type", "geometry": {"coordinates": [80823, 81], "indices": [79197, 72]}}, {"type": "type", "geometry": {"coordinates": [80904, 87], "indices": [79269, 78]}}, {"type": "type", "geometry": {"coordinates": [80991, 75], "indices": [79347, 66]}}, {"type": "type", "geometry": {"coordinates": [81066, 87], "indices": [79413, 78]}}, {"type": "type", "geometry": {"coordinates": [81153, 99], "indices": [79491, 90]}}, {"type": "type", "geometry": {"coordinates": [81252, 72], "indices": [79581, 63]}}, {"type": "type", "geometry": {"coordinates": [81324, 87], "indices": [79644, 78]}}, {"type": "type", "geometry": {"coordinates": [81411, 87], "indices": [79722, 78]}}, {"type": "type", "geometry": {"coordinates": [81498, 90], "indices": [79800, 81]}}, {"type": "type", "geometry": {"coordinates": [81588, 27], "indices": [79881, 18]}}, {"type": "type", "geometry": {"coordinates": [81615, 66], "indices": [79899, 57]}}, {"type": "type", "geometry": {"coordinates": [81681, 225], "indices": [79956, 216]}}, {"type": "type", "geometry": {"coordinates": [81906, 138], "indices": [80172, 129]}}, {"type": "type", "geometry": {"coordinates": [82044, 93], "indices": [80301, 84]}}, {"type": "type", "geometry": {"coordinates": [82137, 150], "indices": [80385, 141]}}, {"type": "type", "geometry": {"coordinates": [82287, 147], "indices": [80526, 138]}}, {"type": "type", "geometry": {"coordinates": [82434, 657], "indices": [80664, 648]}}, {"type": "type", "geometry": {"coordinates": [83091, 30], "indices": [81312, 21]}}, {"type": "type", "geometry": {"coordinates": [83121, 87], "indices": [81333, 78]}}, {"type": "type", "geometry": {"coordinates": [83208, 174], "indices": [81411, 165]}}, {"type": "type", "geometry": {"coordinates": [83382, 12], "indices": [81576, 3]}}, {"type": "type", "geometry": {"coordinates": [83394, 219], "indices": [81579, 210]}}, {"type": "type", "geometry": {"coordinates": [83613, 168], "indices": [81789, 159]}}, {"type": "type", "geometry": {"coordinates": [83781, 54], "indices": [81948, 45]}}, {"type": "type", "geometry": {"coordinates": [83835, 117], "indices": [81993, 108]}}, {"type": "type", "geometry": {"coordinates": [83952, 99], "indices": [82101, 90]}}, {"type": "type", "geometry": {"coordinates": [84051, 30], "indices": [82191, 21]}}, {"type": "type", "geometry": {"coordinates": [84081, 39], "indices": [82212, 30]}}, {"type": "type", "geometry": {"coordinates": [84120, 285], "indices": [82242, 276]}}, {"type": "type", "geometry": {"coordinates": [84405, 57], "indices": [82518, 48]}}, {"type": "type", "geometry": {"coordinates": [84462, 312], "indices": [82566, 303]}}, {"type": "type", "geometry": {"coordinates": [84774, 63], "indices": [82869, 54]}}, {"type": "type", "geometry": {"coordinates": [84837, 96], "indices": [82923, 87]}}, {"type": "type", "geometry": {"coordinates": [84933, 111], "indices": [83010, 102]}}, {"type": "type", "geometry": {"coordinates": [85044, 75], "indices": [83112, 66]}}, {"type": "type", "geometry": {"coordinates": [85119, 48], "indices": [83178, 39]}}, {"type": "type", "geometry": {"coordinates": [85167, 72], "indices": [83217, 63]}}, {"type": "type", "geometry": {"coordinates": [85239, 72], "indices": [83280, 63]}}, {"type": "type", "geometry": {"coordinates": [85311, 141], "indices": [83343, 132]}}, {"type": "type", "geometry": {"coordinates": [85452, 81], "indices": [83475, 72]}}, {"type": "type", "geometry": {"coordinates": [85533, 363], "indices": [83547, 354]}}, {"type": "type", "geometry": {"coordinates": [85896, 87], "indices": [83901, 78]}}, {"type": "type", "geometry": {"coordinates": [85983, 168], "indices": [83979, 159]}}, {"type": "type", "geometry": {"coordinates": [86151, 234], "indices": [84138, 225]}}, {"type": "type", "geometry": {"coordinates": [86385, 39], "indices": [84363, 30]}}, {"type": "type", "geometry": {"coordinates": [86424, 24], "indices": [84393, 15]}}, {"type": "type", "geometry": {"coordinates": [86448, 87], "indices": [84408, 78]}}, {"type": "type", "geometry": {"coordinates": [86535, 33], "indices": [84486, 24]}}, {"type": "type", "geometry": {"coordinates": [86568, 165], "indices": [84510, 156]}}, {"type": "type", "geometry": {"coordinates": [86733, 168], "indices": [84666, 159]}}, {"type": "type", "geometry": {"coordinates": [86901, 18], "indices": [84825, 9]}}, {"type": "type", "geometry": {"coordinates": [86919, 30], "indices": [84834, 21]}}, {"type": "type", "geometry": {"coordinates": [86949, 24], "indices": [84855, 15]}}, {"type": "type", "geometry": {"coordinates": [86973, 33], "indices": [84870, 24]}}, {"type": "type", "geometry": {"coordinates": [87006, 18], "indices": [84894, 9]}}, {"type": "type", "geometry": {"coordinates": [87024, 24], "indices": [84903, 15]}}, {"type": "type", "geometry": {"coordinates": [87048, 54], "indices": [84918, 45]}}, {"type": "type", "geometry": {"coordinates": [87102, 39], "indices": [84963, 30]}}, {"type": "type", "geometry": {"coordinates": [87141, 21], "indices": [84993, 12]}}, {"type": "type", "geometry": {"coordinates": [87162, 21], "indices": [85005, 12]}}, {"type": "type", "geometry": {"coordinates": [87183, 18], "indices": [85017, 9]}}, {"type": "type", "geometry": {"coordinates": [87201, 36], "indices": [85026, 27]}}, {"type": "type", "geometry": {"coordinates": [87237, 36], "indices": [85053, 27]}}, {"type": "type", "geometry": {"coordinates": [87273, 27], "indices": [85080, 18]}}, {"type": "type", "geometry": {"coordinates": [87300, 90], "indices": [85098, 81]}}, {"type": "type", "geometry": {"coordinates": [87390, 42], "indices": [85179, 33]}}, {"type": "type", "geometry": {"coordinates": [87432, 45], "indices": [85212, 36]}}, {"type": "type", "geometry": {"coordinates": [87477, 177], "indices": [85248, 168]}}, {"type": "type", "geometry": {"coordinates": [87654, 63], "indices": [85416, 54]}}, {"type": "type", "geometry": {"coordinates": [87717, 60], "indices": [85470, 51]}}, {"type": "type", "geometry": {"coordinates": [87777, 81], "indices": [85521, 72]}}, {"type": "type", "geometry": {"coordinates": [87858, 189], "indices": [85593, 180]}}, {"type": "type", "geometry": {"coordinates": [88047, 87], "indices": [85773, 78]}}, {"type": "type", "geometry": {"coordinates": [88134, 45], "indices": [85851, 36]}}, {"type": "type", "geometry": {"coordinates": [88179, 102], "indices": [85887, 93]}}, {"type": "type", "geometry": {"coordinates": [88281, 138], "indices": [85980, 129]}}, {"type": "type", "geometry": {"coordinates": [88419, 99], "indices": [86109, 90]}}, {"type": "type", "geometry": {"coordinates": [88518, 33], "indices": [86199, 24]}}, {"type": "type", "geometry": {"coordinates": [88551, 78], "indices": [86223, 69]}}, {"type": "type", "geometry": {"coordinates": [88629, 30], "indices": [86292, 21]}}, {"type": "type", "geometry": {"coordinates": [88659, 102], "indices": [86313, 93]}}, {"type": "type", "geometry": {"coordinates": [88761, 327], "indices": [86406, 318]}}, {"type": "type", "geometry": {"coordinates": [89088, 15], "indices": [86724, 6]}}, {"type": "type", "geometry": {"coordinates": [89103, 57], "indices": [86730, 48]}}, {"type": "type", "geometry": {"coordinates": [89160, 36], "indices": [86778, 27]}}, {"type": "type", "geometry": {"coordinates": [89196, 42], "indices": [86805, 33]}}, {"type": "type", "geometry": {"coordinates": [89238, 66], "indices": [86838, 57]}}, {"type": "type", "geometry": {"coordinates": [89304, 66], "indices": [86895, 57]}}, {"type": "type", "geometry": {"coordinates": [89370, 66], "indices": [86952, 57]}}, {"type": "type", "geometry": {"coordinates": [89436, 33], "indices": [87009, 24]}}, {"type": "type", "geometry": {"coordinates": [89469, 183], "indices": [87033, 174]}}, {"type": "type", "geometry": {"coordinates": [89652, 201], "indices": [87207, 192]}}, {"type": "type", "geometry": {"coordinates": [89853, 30], "indices": [87399, 21]}}, {"type": "type", "geometry": {"coordinates": [89883, 42], "indices": [87420, 33]}}, {"type": "type", "geometry": {"coordinates": [89925, 36], "indices": [87453, 27]}}, {"type": "type", "geometry": {"coordinates": [89961, 60], "indices": [87480, 51]}}, {"type": "type", "geometry": {"coordinates": [90021, 21], "indices": [87531, 12]}}, {"type": "type", "geometry": {"coordinates": [90042, 81], "indices": [87543, 72]}}, {"type": "type", "geometry": {"coordinates": [90123, 63], "indices": [87615, 54]}}, {"type": "type", "geometry": {"coordinates": [90186, 18], "indices": [87669, 9]}}, {"type": "type", "geometry": {"coordinates": [90204, 549], "indices": [87678, 540]}}, {"type": "type", "geometry": {"coordinates": [90753, 216], "indices": [88218, 207]}}, {"type": "type", "geometry": {"coordinates": [90969, 111], "indices": [88425, 102]}}, {"type": "type", "geometry": {"coordinates": [91080, 39], "indices": [88527, 30]}}, {"type": "type", "geometry": {"coordinates": [91119, 18], "indices": [88557, 9]}}, {"type": "type", "geometry": {"coordinates": [91137, 108], "indices": [88566, 99]}}, {"type": "type", "geometry": {"coordinates": [91245, 135], "indices": [88665, 126]}}, {"type": "type", "geometry": {"coordinates": [91380, 99], "indices": [88791, 90]}}, {"type": "type", "geometry": {"coordinates": [91479, 216], "indices": [88881, 207]}}, {"type": "type", "geometry": {"coordinates": [91695, 60], "indices": [89088, 51]}}, {"type": "type", "geometry": {"coordinates": [91755, 1884], "indices": [89139, 1875]}}, {"type": "type", "geometry": {"coordinates": [93639, 96], "indices": [91014, 87]}}, {"type": "type", "geometry": {"coordinates": [93735, 114], "indices": [91101, 105]}}, {"type": "type", "geometry": {"coordinates": [93849, 27], "indices": [91206, 18]}}, {"type": "type", "geometry": {"coordinates": [93876, 135], "indices": [91224, 126]}}, {"type": "type", "geometry": {"coordinates": [94011, 159], "indices": [91350, 150]}}, {"type": "type", "geometry": {"coordinates": [94170, 72], "indices": [91500, 63]}}, {"type": "type", "geometry": {"coordinates": [94242, 39], "indices": [91563, 30]}}, {"type": "type", "geometry": {"coordinates": [94281, 234], "indices": [91593, 225]}}, {"type": "type", "geometry": {"coordinates": [94515, 72], "indices": [91818, 63]}}, {"type": "type", "geometry": {"coordinates": [94587, 51], "indices": [91881, 42]}}, {"type": "type", "geometry": {"coordinates": [94638, 15], "indices": [91923, 6]}}, {"type": "type", "geometry": {"coordinates": [94653, 123], "indices": [91929, 114]}}, {"type": "type", "geometry": {"coordinates": [94776, 54], "indices": [92043, 45]}}, {"type": "type", "geometry": {"coordinates": [94830, 15], "indices": [92088, 6]}}, {"type": "type", "geometry": {"coordinates": [94845, 15], "indices": [92094, 6]}}, {"type": "type", "geometry": {"coordinates": [94860, 60], "indices": [92100, 51]}}, {"type": "type", "geometry": {"coordinates": [94920, 60], "indices": [92151, 51]}}, {"type": "type", "geometry": {"coordinates": [94980, 99], "indices": [92202, 90]}}, {"type": "type", "geometry": {"coordinates": [95079, 57], "indices": [92292, 48]}}, {"type": "type", "geometry": {"coordinates": [95136, 174], "indices": [92340, 165]}}, {"type": "type", "geometry": {"coordinates": [95310, 252], "indices": [92505, 243]}}, {"type": "type", "geometry": {"coordinates": [95562, 54], "indices": [92748, 45]}}, {"type": "type", "geometry": {"coordinates": [95616, 192], "indices": [92793, 183]}}, {"type": "type", "geometry": {"coordinates": [95808, 75], "indices": [92976, 66]}}, {"type": "type", "geometry": {"coordinates": [95883, 75], "indices": [93042, 66]}}, {"type": "type", "geometry": {"coordinates": [95958, 153], "indices": [93108, 144]}}, {"type": "type", "geometry": {"coordinates": [96111, 156], "indices": [93252, 147]}}, {"type": "type", "geometry": {"coordinates": [96267, 36], "indices": [93399, 27]}}, {"type": "type", "geometry": {"coordinates": [96303, 45], "indices": [93426, 36]}}, {"type": "type", "geometry": {"coordinates": [96348, 147], "indices": [93462, 138]}}, {"type": "type", "geometry": {"coordinates": [96495, 246], "indices": [93600, 237]}}, {"type": "type", "geometry": {"coordinates": [96741, 123], "indices": [93837, 114]}}, {"type": "type", "geometry": {"coordinates": [96864, 54], "indices": [93951, 45]}}, {"type": "type", "geometry": {"coordinates": [96918, 45], "indices": [93996, 36]}}, {"type": "type", "geometry": {"coordinates": [96963, 81], "indices": [94032, 72]}}, {"type": "type", "geometry": {"coordinates": [97044, 60], "indices": [94104, 51]}}, {"type": "type", "geometry": {"coordinates": [97104, 51], "indices": [94155, 42]}}, {"type": "type", "geometry": {"coordinates": [97155, 60], "indices": [94197, 51]}}, {"type": "type", "geometry": {"coordinates": [97215, 153], "indices": [94248, 144]}}, {"type": "type", "geometry": {"coordinates": [97368, 126], "indices": [94392, 117]}}, {"type": "type", "geometry": {"coordinates": [97494, 120], "indices": [94509, 111]}}, {"type": "type", "geometry": {"coordinates": [97614, 69], "indices": [94620, 60]}}, {"type": "type", "geometry": {"coordinates": [97683, 72], "indices": [94680, 63]}}, {"type": "type", "geometry": {"coordinates": [97755, 24], "indices": [94743, 15]}}, {"type": "type", "geometry": {"coordinates": [97779, 15], "indices": [94758, 6]}}, {"type": "type", "geometry": {"coordinates": [97794, 51], "indices": [94764, 42]}}, {"type": "type", "geometry": {"coordinates": [97845, 45], "indices": [94806, 36]}}, {"type": "type", "geometry": {"coordinates": [97890, 45], "indices": [94842, 36]}}, {"type": "type", "geometry": {"coordinates": [97935, 51], "indices": [94878, 42]}}, {"type": "type", "geometry": {"coordinates": [97986, 54], "indices": [94920, 45]}}, {"type": "type", "geometry": {"coordinates": [98040, 27], "indices": [94965, 18]}}, {"type": "type", "geometry": {"coordinates": [98067, 42], "indices": [94983, 33]}}, {"type": "type", "geometry": {"coordinates": [98109, 102], "indices": [95016, 93]}}, {"type": "type", "geometry": {"coordinates": [98211, 33], "indices": [95109, 24]}}, {"type": "type", "geometry": {"coordinates": [98244, 48], "indices": [95133, 39]}}, {"type": "type", "geometry": {"coordinates": [98292, 63], "indices": [95172, 54]}}, {"type": "type", "geometry": {"coordinates": [98355, 54], "indices": [95226, 45]}}, {"type": "type", "geometry": {"coordinates": [98409, 51], "indices": [95271, 42]}}, {"type": "type", "geometry": {"coordinates": [98460, 105], "indices": [95313, 96]}}, {"type": "type", "geometry": {"coordinates": [98565, 15], "indices": [95409, 6]}}, {"type": "type", "geometry": {"coordinates": [98580, 75], "indices": [95415, 66]}}, {"type": "type", "geometry": {"coordinates": [98655, 564], "indices": [95481, 555]}}, {"type": "type", "geometry": {"coordinates": [99219, 372], "indices": [96036, 363]}}, {"type": "type", "geometry": {"coordinates": [99591, 15], "indices": [96399, 6]}}, {"type": "type", "geometry": {"coordinates": [99606, 21], "indices": [96405, 12]}}, {"type": "type", "geometry": {"coordinates": [99627, 54], "indices": [96417, 45]}}, {"type": "type", "geometry": {"coordinates": [99681, 42], "indices": [96462, 33]}}, {"type": "type", "geometry": {"coordinates": [99723, 33], "indices": [96495, 24]}}, {"type": "type", "geometry": {"coordinates": [99756, 1317], "indices": [96519, 1308]}}, {"type": "type", "geometry": {"coordinates": [101073, 138], "indices": [97827, 129]}}, {"type": "type", "geometry": {"coordinates": [101211, 84], "indices": [97956, 75]}}, {"type": "type", "geometry": {"coordinates": [101295, 198], "indices": [98031, 189]}}, {"type": "type", "geometry": {"coordinates": [101493, 72], "indices": [98220, 63]}}, {"type": "type", "geometry": {"coordinates": [101565, 69], "indices": [98283, 60]}}, {"type": "type", "geometry": {"coordinates": [101634, 69], "indices": [98343, 60]}}, {"type": "type", "geometry": {"coordinates": [101703, 39], "indices": [98403, 30]}}, {"type": "type", "geometry": {"coordinates": [101742, 264], "indices": [98433, 255]}}, {"type": "type", "geometry": {"coordinates": [102006, 561], "indices": [98688, 552]}}, {"type": "type", "geometry": {"coordinates": [102567, 333], "indices": [99240, 324]}}, {"type": "type", "geometry": {"coordinates": [102900, 60], "indices": [99564, 51]}}, {"type": "type", "geometry": {"coordinates": [102960, 762], "indices": [99615, 753]}}, {"type": "type", "geometry": {"coordinates": [103722, 15], "indices": [100368, 6]}}, {"type": "type", "geometry": {"coordinates": [103737, 15], "indices": [100374, 6]}}, {"type": "type", "geometry": {"coordinates": [103752, 18], "indices": [100380, 9]}}, {"type": "type", "geometry": {"coordinates": [103770, 87], "indices": [100389, 78]}}, {"type": "type", "geometry": {"coordinates": [103857, 15], "indices": [100467, 6]}}, {"type": "type", "geometry": {"coordinates": [103872, 72], "indices": [100473, 63]}}, {"type": "type", "geometry": {"coordinates": [103944, 15], "indices": [100536, 6]}}, {"type": "type", "geometry": {"coordinates": [103959, 90], "indices": [100542, 81]}}, {"type": "type", "geometry": {"coordinates": [104049, 450], "indices": [100623, 441]}}, {"type": "type", "geometry": {"coordinates": [104499, 39], "indices": [101064, 30]}}, {"type": "type", "geometry": {"coordinates": [104538, 39], "indices": [101094, 30]}}, {"type": "type", "geometry": {"coordinates": [104577, 24], "indices": [101124, 15]}}, {"type": "type", "geometry": {"coordinates": [104601, 30], "indices": [101139, 21]}}, {"type": "type", "geometry": {"coordinates": [104631, 30], "indices": [101160, 21]}}, {"type": "type", "geometry": {"coordinates": [104661, 39], "indices": [101181, 30]}}, {"type": "type", "geometry": {"coordinates": [104700, 27], "indices": [101211, 18]}}, {"type": "type", "geometry": {"coordinates": [104727, 84], "indices": [101229, 75]}}, {"type": "type", "geometry": {"coordinates": [104811, 156], "indices": [101304, 147]}}, {"type": "type", "geometry": {"coordinates": [104967, 57], "indices": [101451, 48]}}, {"type": "type", "geometry": {"coordinates": [105024, 60], "indices": [101499, 51]}}, {"type": "type", "geometry": {"coordinates": [105084, 54], "indices": [101550, 45]}}, {"type": "type", "geometry": {"coordinates": [105138, 48], "indices": [101595, 39]}}, {"type": "type", "geometry": {"coordinates": [105186, 66], "indices": [101634, 57]}}, {"type": "type", "geometry": {"coordinates": [105252, 60], "indices": [101691, 51]}}, {"type": "type", "geometry": {"coordinates": [105312, 33], "indices": [101742, 24]}}, {"type": "type", "geometry": {"coordinates": [105345, 144], "indices": [101766, 135]}}, {"type": "type", "geometry": {"coordinates": [105489, 57], "indices": [101901, 48]}}, {"type": "type", "geometry": {"coordinates": [105546, 135], "indices": [101949, 126]}}, {"type": "type", "geometry": {"coordinates": [105681, 39], "indices": [102075, 30]}}, {"type": "type", "geometry": {"coordinates": [105720, 33], "indices": [102105, 24]}}, {"type": "type", "geometry": {"coordinates": [105753, 93], "indices": [102129, 84]}}, {"type": "type", "geometry": {"coordinates": [105846, 33], "indices": [102213, 24]}}, {"type": "type", "geometry": {"coordinates": [105879, 51], "indices": [102237, 42]}}, {"type": "type", "geometry": {"coordinates": [105930, 15], "indices": [102279, 6]}}, {"type": "type", "geometry": {"coordinates": [105945, 78], "indices": [102285, 69]}}, {"type": "type", "geometry": {"coordinates": [106023, 111], "indices": [102354, 102]}}, {"type": "type", "geometry": {"coordinates": [106134, 42], "indices": [102456, 33]}}, {"type": "type", "geometry": {"coordinates": [106176, 57], "indices": [102489, 48]}}, {"type": "type", "geometry": {"coordinates": [106233, 15], "indices": [102537, 6]}}, {"type": "type", "geometry": {"coordinates": [106248, 15], "indices": [102543, 6]}}, {"type": "type", "geometry": {"coordinates": [106263, 87], "indices": [102549, 78]}}, {"type": "type", "geometry": {"coordinates": [106350, 84], "indices": [102627, 75]}}, {"type": "type", "geometry": {"coordinates": [106434, 54], "indices": [102702, 45]}}, {"type": "type", "geometry": {"coordinates": [106488, 30], "indices": [102747, 21]}}, {"type": "type", "geometry": {"coordinates": [106518, 1164], "indices": [102768, 1155]}}, {"type": "type", "geometry": {"coordinates": [107682, 78], "indices": [103923, 69]}}, {"type": "type", "geometry": {"coordinates": [107760, 60], "indices": [103992, 51]}}, {"type": "type", "geometry": {"coordinates": [107820, 87], "indices": [104043, 78]}}, {"type": "type", "geometry": {"coordinates": [107907, 66], "indices": [104121, 57]}}, {"type": "type", "geometry": {"coordinates": [107973, 48], "indices": [104178, 39]}}, {"type": "type", "geometry": {"coordinates": [108021, 48], "indices": [104217, 39]}}, {"type": "type", "geometry": {"coordinates": [108069, 207], "indices": [104256, 198]}}, {"type": "type", "geometry": {"coordinates": [108276, 15], "indices": [104454, 6]}}, {"type": "type", "geometry": {"coordinates": [108291, 39], "indices": [104460, 30]}}, {"type": "type", "geometry": {"coordinates": [108330, 60], "indices": [104490, 51]}}, {"type": "type", "geometry": {"coordinates": [108390, 60], "indices": [104541, 51]}}, {"type": "type", "geometry": {"coordinates": [108450, 75], "indices": [104592, 66]}}, {"type": "type", "geometry": {"coordinates": [108525, 69], "indices": [104658, 60]}}, {"type": "type", "geometry": {"coordinates": [108594, 33], "indices": [104718, 24]}}, {"type": "type", "geometry": {"coordinates": [108627, 42], "indices": [104742, 33]}}, {"type": "type", "geometry": {"coordinates": [108669, 27], "indices": [104775, 18]}}, {"type": "type", "geometry": {"coordinates": [108696, 48], "indices": [104793, 39]}}, {"type": "type", "geometry": {"coordinates": [108744, 30], "indices": [104832, 21]}}, {"type": "type", "geometry": {"coordinates": [108774, 24], "indices": [104853, 15]}}, {"type": "type", "geometry": {"coordinates": [108798, 30], "indices": [104868, 21]}}, {"type": "type", "geometry": {"coordinates": [108828, 24], "indices": [104889, 15]}}, {"type": "type", "geometry": {"coordinates": [108852, 30], "indices": [104904, 21]}}, {"type": "type", "geometry": {"coordinates": [108882, 45], "indices": [104925, 36]}}, {"type": "type", "geometry": {"coordinates": [108927, 30], "indices": [104961, 21]}}, {"type": "type", "geometry": {"coordinates": [108957, 51], "indices": [104982, 42]}}, {"type": "type", "geometry": {"coordinates": [109008, 27], "indices": [105024, 18]}}, {"type": "type", "geometry": {"coordinates": [109035, 39], "indices": [105042, 30]}}, {"type": "type", "geometry": {"coordinates": [109074, 57], "indices": [105072, 48]}}, {"type": "type", "geometry": {"coordinates": [109131, 36], "indices": [105120, 27]}}, {"type": "type", "geometry": {"coordinates": [109167, 30], "indices": [105147, 21]}}, {"type": "type", "geometry": {"coordinates": [109197, 108], "indices": [105168, 99]}}, {"type": "type", "geometry": {"coordinates": [109305, 27], "indices": [105267, 18]}}, {"type": "type", "geometry": {"coordinates": [109332, 111], "indices": [105285, 102]}}, {"type": "type", "geometry": {"coordinates": [109443, 375], "indices": [105387, 366]}}, {"type": "type", "geometry": {"coordinates": [109818, 54], "indices": [105753, 45]}}, {"type": "type", "geometry": {"coordinates": [109872, 15], "indices": [105798, 6]}}, {"type": "type", "geometry": {"coordinates": [109887, 54], "indices": [105804, 45]}}, {"type": "type", "geometry": {"coordinates": [109941, 15], "indices": [105849, 6]}}, {"type": "type", "geometry": {"coordinates": [109956, 60], "indices": [105855, 51]}}, {"type": "type", "geometry": {"coordinates": [110016, 93], "indices": [105906, 84]}}, {"type": "type", "geometry": {"coordinates": [110109, 84], "indices": [105990, 75]}}, {"type": "type", "geometry": {"coordinates": [110193, 69], "indices": [106065, 60]}}, {"type": "type", "geometry": {"coordinates": [110262, 105], "indices": [106125, 96]}}, {"type": "type", "geometry": {"coordinates": [110367, 63], "indices": [106221, 54]}}, {"type": "type", "geometry": {"coordinates": [110430, 111], "indices": [106275, 102]}}, {"type": "type", "geometry": {"coordinates": [110541, 60], "indices": [106377, 51]}}, {"type": "type", "geometry": {"coordinates": [110601, 15], "indices": [106428, 6]}}, {"type": "type", "geometry": {"coordinates": [110616, 258], "indices": [106434, 249]}}, {"type": "type", "geometry": {"coordinates": [110874, 66], "indices": [106683, 57]}}, {"type": "type", "geometry": {"coordinates": [110940, 24], "indices": [106740, 15]}}, {"type": "type", "geometry": {"coordinates": [110964, 21], "indices": [106755, 12]}}, {"type": "type", "geometry": {"coordinates": [110985, 45], "indices": [106767, 36]}}, {"type": "type", "geometry": {"coordinates": [111030, 27], "indices": [106803, 18]}}, {"type": "type", "geometry": {"coordinates": [111057, 84], "indices": [106821, 75]}}, {"type": "type", "geometry": {"coordinates": [111141, 72], "indices": [106896, 63]}}, {"type": "type", "geometry": {"coordinates": [111213, 15], "indices": [106959, 6]}}, {"type": "type", "geometry": {"coordinates": [111228, 15], "indices": [106965, 6]}}, {"type": "type", "geometry": {"coordinates": [111243, 129], "indices": [106971, 120]}}, {"type": "type", "geometry": {"coordinates": [111372, 21], "indices": [107091, 12]}}, {"type": "type", "geometry": {"coordinates": [111393, 129], "indices": [107103, 120]}}, {"type": "type", "geometry": {"coordinates": [111522, 60], "indices": [107223, 51]}}, {"type": "type", "geometry": {"coordinates": [111582, 60], "indices": [107274, 51]}}, {"type": "type", "geometry": {"coordinates": [111642, 171], "indices": [107325, 162]}}, {"type": "type", "geometry": {"coordinates": [111813, 60], "indices": [107487, 51]}}, {"type": "type", "geometry": {"coordinates": [111873, 69], "indices": [107538, 60]}}, {"type": "type", "geometry": {"coordinates": [111942, 24], "indices": [107598, 15]}}, {"type": "type", "geometry": {"coordinates": [111966, 60], "indices": [107613, 51]}}, {"type": "type", "geometry": {"coordinates": [112026, 60], "indices": [107664, 51]}}, {"type": "type", "geometry": {"coordinates": [112086, 69], "indices": [107715, 60]}}, {"type": "type", "geometry": {"coordinates": [112155, 66], "indices": [107775, 57]}}, {"type": "type", "geometry": {"coordinates": [112221, 60], "indices": [107832, 51]}}, {"type": "type", "geometry": {"coordinates": [112281, 60], "indices": [107883, 51]}}, {"type": "type", "geometry": {"coordinates": [112341, 60], "indices": [107934, 51]}}, {"type": "type", "geometry": {"coordinates": [112401, 15], "indices": [107985, 6]}}, {"type": "type", "geometry": {"coordinates": [112416, 54], "indices": [107991, 45]}}, {"type": "type", "geometry": {"coordinates": [112470, 60], "indices": [108036, 51]}}, {"type": "type", "geometry": {"coordinates": [112530, 60], "indices": [108087, 51]}}, {"type": "type", "geometry": {"coordinates": [112590, 105], "indices": [108138, 96]}}, {"type": "type", "geometry": {"coordinates": [112695, 60], "indices": [108234, 51]}}, {"type": "type", "geometry": {"coordinates": [112755, 72], "indices": [108285, 63]}}, {"type": "type", "geometry": {"coordinates": [112827, 609], "indices": [108348, 600]}}, {"type": "type", "geometry": {"coordinates": [113436, 42], "indices": [108948, 33]}}, {"type": "type", "geometry": {"coordinates": [113478, 171], "indices": [108981, 162]}}, {"type": "type", "geometry": {"coordinates": [113649, 87], "indices": [109143, 78]}}, {"type": "type", "geometry": {"coordinates": [113736, 60], "indices": [109221, 51]}}, {"type": "type", "geometry": {"coordinates": [113796, 213], "indices": [109272, 204]}}, {"type": "type", "geometry": {"coordinates": [114009, 78], "indices": [109476, 69]}}, {"type": "type", "geometry": {"coordinates": [114087, 45], "indices": [109545, 36]}}, {"type": "type", "geometry": {"coordinates": [114132, 42], "indices": [109581, 33]}}, {"type": "type", "geometry": {"coordinates": [114174, 42], "indices": [109614, 33]}}, {"type": "type", "geometry": {"coordinates": [114216, 51], "indices": [109647, 42]}}, {"type": "type", "geometry": {"coordinates": [114267, 15], "indices": [109689, 6]}}, {"type": "type", "geometry": {"coordinates": [114282, 15], "indices": [109695, 6]}}, {"type": "type", "geometry": {"coordinates": [114297, 12], "indices": [109701, 3]}}, {"type": "type", "geometry": {"coordinates": [114309, 21], "indices": [109704, 12]}}, {"type": "type", "geometry": {"coordinates": [114330, 180], "indices": [109716, 171]}}, {"type": "type", "geometry": {"coordinates": [114510, 60], "indices": [109887, 51]}}, {"type": "type", "geometry": {"coordinates": [114570, 66], "indices": [109938, 57]}}, {"type": "type", "geometry": {"coordinates": [114636, 45], "indices": [109995, 36]}}, {"type": "type", "geometry": {"coordinates": [114681, 60], "indices": [110031, 51]}}, {"type": "type", "geometry": {"coordinates": [114741, 105], "indices": [110082, 96]}}, {"type": "type", "geometry": {"coordinates": [114846, 15], "indices": [110178, 6]}}, {"type": "type", "geometry": {"coordinates": [114861, 18], "indices": [110184, 9]}}, {"type": "type", "geometry": {"coordinates": [114879, 78], "indices": [110193, 69]}}, {"type": "type", "geometry": {"coordinates": [114957, 114], "indices": [110262, 105]}}, {"type": "type", "geometry": {"coordinates": [115071, 66], "indices": [110367, 57]}}, {"type": "type", "geometry": {"coordinates": [115137, 45], "indices": [110424, 36]}}, {"type": "type", "geometry": {"coordinates": [115182, 27], "indices": [110460, 18]}}, {"type": "type", "geometry": {"coordinates": [115209, 60], "indices": [110478, 51]}}, {"type": "type", "geometry": {"coordinates": [115269, 72], "indices": [110529, 63]}}, {"type": "type", "geometry": {"coordinates": [115341, 15], "indices": [110592, 6]}}, {"type": "type", "geometry": {"coordinates": [115356, 15], "indices": [110598, 6]}}, {"type": "type", "geometry": {"coordinates": [115371, 15], "indices": [110604, 6]}}, {"type": "type", "geometry": {"coordinates": [115386, 27], "indices": [110610, 18]}}, {"type": "type", "geometry": {"coordinates": [115413, 15], "indices": [110628, 6]}}, {"type": "type", "geometry": {"coordinates": [115428, 15], "indices": [110634, 6]}}, {"type": "type", "geometry": {"coordinates": [115443, 15], "indices": [110640, 6]}}, {"type": "type", "geometry": {"coordinates": [115458, 15], "indices": [110646, 6]}}, {"type": "type", "geometry": {"coordinates": [115473, 51], "indices": [110652, 42]}}, {"type": "type", "geometry": {"coordinates": [115524, 69], "indices": [110694, 60]}}, {"type": "type", "geometry": {"coordinates": [115593, 768], "indices": [110754, 759]}}, {"type": "type", "geometry": {"coordinates": [116361, 219], "indices": [111513, 210]}}, {"type": "type", "geometry": {"coordinates": [116580, 225], "indices": [111723, 216]}}, {"type": "type", "geometry": {"coordinates": [116805, 81], "indices": [111939, 72]}}, {"type": "type", "geometry": {"coordinates": [116886, 75], "indices": [112011, 66]}}, {"type": "type", "geometry": {"coordinates": [116961, 1116], "indices": [112077, 1107]}}, {"type": "type", "geometry": {"coordinates": [118077, 210], "indices": [113184, 201]}}, {"type": "type", "geometry": {"coordinates": [118287, 450], "indices": [113385, 441]}}, {"type": "type", "geometry": {"coordinates": [118737, 78], "indices": [113826, 69]}}, {"type": "type", "geometry": {"coordinates": [118815, 39], "indices": [113895, 30]}}, {"type": "type", "geometry": {"coordinates": [118854, 153], "indices": [113925, 144]}}, {"type": "type", "geometry": {"coordinates": [119007, 102], "indices": [114069, 93]}}, {"type": "type", "geometry": {"coordinates": [119109, 51], "indices": [114162, 42]}}, {"type": "type", "geometry": {"coordinates": [119160, 300], "indices": [114204, 291]}}, {"type": "type", "geometry": {"coordinates": [119460, 276], "indices": [114495, 267]}}, {"type": "type", "geometry": {"coordinates": [119736, 24], "indices": [114762, 15]}}, {"type": "type", "geometry": {"coordinates": [119760, 39], "indices": [114777, 30]}}, {"type": "type", "geometry": {"coordinates": [119799, 45], "indices": [114807, 36]}}, {"type": "type", "geometry": {"coordinates": [119844, 27], "indices": [114843, 18]}}, {"type": "type", "geometry": {"coordinates": [119871, 54], "indices": [114861, 45]}}, {"type": "type", "geometry": {"coordinates": [119925, 99], "indices": [114906, 90]}}, {"type": "type", "geometry": {"coordinates": [120024, 42], "indices": [114996, 33]}}, {"type": "type", "geometry": {"coordinates": [120066, 24], "indices": [115029, 15]}}, {"type": "type", "geometry": {"coordinates": [120090, 42], "indices": [115044, 33]}}, {"type": "type", "geometry": {"coordinates": [120132, 27], "indices": [115077, 18]}}, {"type": "type", "geometry": {"coordinates": [120159, 390], "indices": [115095, 381]}}, {"type": "type", "geometry": {"coordinates": [120549, 63], "indices": [115476, 54]}}, {"type": "type", "geometry": {"coordinates": [120612, 246], "indices": [115530, 237]}}, {"type": "type", "geometry": {"coordinates": [120858, 48], "indices": [115767, 39]}}, {"type": "type", "geometry": {"coordinates": [120906, 72], "indices": [115806, 63]}}, {"type": "type", "geometry": {"coordinates": [120978, 69], "indices": [115869, 60]}}, {"type": "type", "geometry": {"coordinates": [121047, 24], "indices": [115929, 15]}}, {"type": "type", "geometry": {"coordinates": [121071, 54], "indices": [115944, 45]}}, {"type": "type", "geometry": {"coordinates": [121125, 24], "indices": [115989, 15]}}, {"type": "type", "geometry": {"coordinates": [121149, 15], "indices": [116004, 6]}}, {"type": "type", "geometry": {"coordinates": [121164, 15], "indices": [116010, 6]}}, {"type": "type", "geometry": {"coordinates": [121179, 102], "indices": [116016, 93]}}, {"type": "type", "geometry": {"coordinates": [121281, 48], "indices": [116109, 39]}}, {"type": "type", "geometry": {"coordinates": [121329, 48], "indices": [116148, 39]}}, {"type": "type", "geometry": {"coordinates": [121377, 48], "indices": [116187, 39]}}, {"type": "type", "geometry": {"coordinates": [121425, 45], "indices": [116226, 36]}}, {"type": "type", "geometry": {"coordinates": [121470, 51], "indices": [116262, 42]}}, {"type": "type", "geometry": {"coordinates": [121521, 51], "indices": [116304, 42]}}, {"type": "type", "geometry": {"coordinates": [121572, 78], "indices": [116346, 69]}}, {"type": "type", "geometry": {"coordinates": [121650, 51], "indices": [116415, 42]}}, {"type": "type", "geometry": {"coordinates": [121701, 48], "indices": [116457, 39]}}, {"type": "type", "geometry": {"coordinates": [121749, 81], "indices": [116496, 72]}}, {"type": "type", "geometry": {"coordinates": [121830, 51], "indices": [116568, 42]}}, {"type": "type", "geometry": {"coordinates": [121881, 57], "indices": [116610, 48]}}, {"type": "type", "geometry": {"coordinates": [121938, 57], "indices": [116658, 48]}}, {"type": "type", "geometry": {"coordinates": [121995, 57], "indices": [116706, 48]}}, {"type": "type", "geometry": {"coordinates": [122052, 57], "indices": [116754, 48]}}, {"type": "type", "geometry": {"coordinates": [122109, 189], "indices": [116802, 180]}}, {"type": "type", "geometry": {"coordinates": [122298, 57], "indices": [116982, 48]}}, {"type": "type", "geometry": {"coordinates": [122355, 27], "indices": [117030, 18]}}, {"type": "type", "geometry": {"coordinates": [122382, 42], "indices": [117048, 33]}}, {"type": "type", "geometry": {"coordinates": [122424, 63], "indices": [117081, 54]}}, {"type": "type", "geometry": {"coordinates": [122487, 96], "indices": [117135, 87]}}, {"type": "type", "geometry": {"coordinates": [122583, 51], "indices": [117222, 42]}}, {"type": "type", "geometry": {"coordinates": [122634, 15], "indices": [117264, 6]}}, {"type": "type", "geometry": {"coordinates": [122649, 15], "indices": [117270, 6]}}, {"type": "type", "geometry": {"coordinates": [122664, 15], "indices": [117276, 6]}}, {"type": "type", "geometry": {"coordinates": [122679, 15], "indices": [117282, 6]}}, {"type": "type", "geometry": {"coordinates": [122694, 63], "indices": [117288, 54]}}, {"type": "type", "geometry": {"coordinates": [122757, 33], "indices": [117342, 24]}}, {"type": "type", "geometry": {"coordinates": [122790, 549], "indices": [117366, 540]}}, {"type": "type", "geometry": {"coordinates": [123339, 63], "indices": [117906, 54]}}, {"type": "type", "geometry": {"coordinates": [123402, 231], "indices": [117960, 222]}}, {"type": "type", "geometry": {"coordinates": [123633, 78], "indices": [118182, 69]}}, {"type": "type", "geometry": {"coordinates": [123711, 63], "indices": [118251, 54]}}, {"type": "type", "geometry": {"coordinates": [123774, 51], "indices": [118305, 42]}}, {"type": "type", "geometry": {"coordinates": [123825, 39], "indices": [118347, 30]}}, {"type": "type", "geometry": {"coordinates": [123864, 45], "indices": [118377, 36]}}, {"type": "type", "geometry": {"coordinates": [123909, 39], "indices": [118413, 30]}}, {"type": "type", "geometry": {"coordinates": [123948, 48], "indices": [118443, 39]}}, {"type": "type", "geometry": {"coordinates": [123996, 27], "indices": [118482, 18]}}, {"type": "type", "geometry": {"coordinates": [124023, 36], "indices": [118500, 27]}}, {"type": "type", "geometry": {"coordinates": [124059, 84], "indices": [118527, 75]}}, {"type": "type", "geometry": {"coordinates": [124143, 111], "indices": [118602, 102]}}, {"type": "type", "geometry": {"coordinates": [124254, 45], "indices": [118704, 36]}}, {"type": "type", "geometry": {"coordinates": [124299, 69], "indices": [118740, 60]}}, {"type": "type", "geometry": {"coordinates": [124368, 39], "indices": [118800, 30]}}, {"type": "type", "geometry": {"coordinates": [124407, 21], "indices": [118830, 12]}}, {"type": "type", "geometry": {"coordinates": [124428, 15], "indices": [118842, 6]}}, {"type": "type", "geometry": {"coordinates": [124443, 54], "indices": [118848, 45]}}, {"type": "type", "geometry": {"coordinates": [124497, 15], "indices": [118893, 6]}}, {"type": "type", "geometry": {"coordinates": [124512, 234], "indices": [118899, 225]}}, {"type": "type", "geometry": {"coordinates": [124746, 732], "indices": [119124, 723]}}, {"type": "type", "geometry": {"coordinates": [125478, 165], "indices": [119847, 156]}}, {"type": "type", "geometry": {"coordinates": [125643, 117], "indices": [120003, 108]}}, {"type": "type", "geometry": {"coordinates": [125760, 291], "indices": [120111, 282]}}, {"type": "type", "geometry": {"coordinates": [126051, 78], "indices": [120393, 69]}}, {"type": "type", "geometry": {"coordinates": [126129, 42], "indices": [120462, 33]}}, {"type": "type", "geometry": {"coordinates": [126171, 54], "indices": [120495, 45]}}, {"type": "type", "geometry": {"coordinates": [126225, 21], "indices": [120540, 12]}}, {"type": "type", "geometry": {"coordinates": [126246, 39], "indices": [120552, 30]}}, {"type": "type", "geometry": {"coordinates": [126285, 15], "indices": [120582, 6]}}, {"type": "type", "geometry": {"coordinates": [126300, 18], "indices": [120588, 9]}}, {"type": "type", "geometry": {"coordinates": [126318, 21], "indices": [120597, 12]}}, {"type": "type", "geometry": {"coordinates": [126339, 27], "indices": [120609, 18]}}, {"type": "type", "geometry": {"coordinates": [126366, 24], "indices": [120627, 15]}}, {"type": "type", "geometry": {"coordinates": [126390, 21], "indices": [120642, 12]}}, {"type": "type", "geometry": {"coordinates": [126411, 33], "indices": [120654, 24]}}, {"type": "type", "geometry": {"coordinates": [126444, 15], "indices": [120678, 6]}}, {"type": "type", "geometry": {"coordinates": [126459, 81], "indices": [120684, 72]}}, {"type": "type", "geometry": {"coordinates": [126540, 120], "indices": [120756, 111]}}, {"type": "type", "geometry": {"coordinates": [126660, 60], "indices": [120867, 51]}}, {"type": "type", "geometry": {"coordinates": [126720, 60], "indices": [120918, 51]}}, {"type": "type", "geometry": {"coordinates": [126780, 60], "indices": [120969, 51]}}, {"type": "type", "geometry": {"coordinates": [126840, 60], "indices": [121020, 51]}}, {"type": "type", "geometry": {"coordinates": [126900, 60], "indices": [121071, 51]}}, {"type": "type", "geometry": {"coordinates": [126960, 60], "indices": [121122, 51]}}, {"type": "type", "geometry": {"coordinates": [127020, 60], "indices": [121173, 51]}}, {"type": "type", "geometry": {"coordinates": [127080, 60], "indices": [121224, 51]}}, {"type": "type", "geometry": {"coordinates": [127140, 60], "indices": [121275, 51]}}, {"type": "type", "geometry": {"coordinates": [127200, 60], "indices": [121326, 51]}}, {"type": "type", "geometry": {"coordinates": [127260, 60], "indices": [121377, 51]}}, {"type": "type", "geometry": {"coordinates": [127320, 60], "indices": [121428, 51]}}, {"type": "type", "geometry": {"coordinates": [127380, 60], "indices": [121479, 51]}}, {"type": "type", "geometry": {"coordinates": [127440, 60], "indices": [121530, 51]}}, {"type": "type", "geometry": {"coordinates": [127500, 60], "indices": [121581, 51]}}, {"type": "type", "geometry": {"coordinates": [127560, 60], "indices": [121632, 51]}}, {"type": "type", "geometry": {"coordinates": [127620, 60], "indices": [121683, 51]}}, {"type": "type", "geometry": {"coordinates": [127680, 60], "indices": [121734, 51]}}, {"type": "type", "geometry": {"coordinates": [127740, 60], "indices": [121785, 51]}}, {"type": "type", "geometry": {"coordinates": [127800, 60], "indices": [121836, 51]}}, {"type": "type", "geometry": {"coordinates": [127860, 60], "indices": [121887, 51]}}, {"type": "type", "geometry": {"coordinates": [127920, 60], "indices": [121938, 51]}}, {"type": "type", "geometry": {"coordinates": [127980, 60], "indices": [121989, 51]}}, {"type": "type", "geometry": {"coordinates": [128040, 60], "indices": [122040, 51]}}, {"type": "type", "geometry": {"coordinates": [128100, 60], "indices": [122091, 51]}}, {"type": "type", "geometry": {"coordinates": [128160, 60], "indices": [122142, 51]}}, {"type": "type", "geometry": {"coordinates": [128220, 60], "indices": [122193, 51]}}, {"type": "type", "geometry": {"coordinates": [128280, 60], "indices": [122244, 51]}}, {"type": "type", "geometry": {"coordinates": [128340, 60], "indices": [122295, 51]}}, {"type": "type", "geometry": {"coordinates": [128400, 21], "indices": [122346, 12]}}, {"type": "type", "geometry": {"coordinates": [128421, 18], "indices": [122358, 9]}}, {"type": "type", "geometry": {"coordinates": [128439, 60], "indices": [122367, 51]}}, {"type": "type", "geometry": {"coordinates": [128499, 15], "indices": [122418, 6]}}, {"type": "type", "geometry": {"coordinates": [128514, 60], "indices": [122424, 51]}}, {"type": "type", "geometry": {"coordinates": [128574, 60], "indices": [122475, 51]}}, {"type": "type", "geometry": {"coordinates": [128634, 42], "indices": [122526, 33]}}, {"type": "type", "geometry": {"coordinates": [128676, 156], "indices": [122559, 147]}}, {"type": "type", "geometry": {"coordinates": [128832, 69], "indices": [122706, 60]}}, {"type": "type", "geometry": {"coordinates": [128901, 78], "indices": [122766, 69]}}, {"type": "type", "geometry": {"coordinates": [128979, 45], "indices": [122835, 36]}}, {"type": "type", "geometry": {"coordinates": [129024, 57], "indices": [122871, 48]}}, {"type": "type", "geometry": {"coordinates": [129081, 42], "indices": [122919, 33]}}, {"type": "type", "geometry": {"coordinates": [129123, 117], "indices": [122952, 108]}}, {"type": "type", "geometry": {"coordinates": [129240, 351], "indices": [123060, 342]}}, {"type": "type", "geometry": {"coordinates": [129591, 39], "indices": [123402, 30]}}, {"type": "type", "geometry": {"coordinates": [129630, 81], "indices": [123432, 72]}}, {"type": "type", "geometry": {"coordinates": [129711, 123], "indices": [123504, 114]}}, {"type": "type", "geometry": {"coordinates": [129834, 237], "indices": [123618, 228]}}, {"type": "type", "geometry": {"coordinates": [130071, 105], "indices": [123846, 96]}}, {"type": "type", "geometry": {"coordinates": [130176, 78], "indices": [123942, 69]}}, {"type": "type", "geometry": {"coordinates": [130254, 24], "indices": [124011, 15]}}, {"type": "type", "geometry": {"coordinates": [130278, 21], "indices": [124026, 12]}}, {"type": "type", "geometry": {"coordinates": [130299, 15], "indices": [124038, 6]}}, {"type": "type", "geometry": {"coordinates": [130314, 69], "indices": [124044, 60]}}, {"type": "type", "geometry": {"coordinates": [130383, 33], "indices": [124104, 24]}}, {"type": "type", "geometry": {"coordinates": [130416, 36], "indices": [124128, 27]}}, {"type": "type", "geometry": {"coordinates": [130452, 27], "indices": [124155, 18]}}, {"type": "type", "geometry": {"coordinates": [130479, 33], "indices": [124173, 24]}}, {"type": "type", "geometry": {"coordinates": [130512, 60], "indices": [124197, 51]}}, {"type": "type", "geometry": {"coordinates": [130572, 60], "indices": [124248, 51]}}, {"type": "type", "geometry": {"coordinates": [130632, 60], "indices": [124299, 51]}}, {"type": "type", "geometry": {"coordinates": [130692, 60], "indices": [124350, 51]}}, {"type": "type", "geometry": {"coordinates": [130752, 60], "indices": [124401, 51]}}, {"type": "type", "geometry": {"coordinates": [130812, 60], "indices": [124452, 51]}}, {"type": "type", "geometry": {"coordinates": [130872, 60], "indices": [124503, 51]}}, {"type": "type", "geometry": {"coordinates": [130932, 60], "indices": [124554, 51]}}, {"type": "type", "geometry": {"coordinates": [130992, 60], "indices": [124605, 51]}}, {"type": "type", "geometry": {"coordinates": [131052, 60], "indices": [124656, 51]}}, {"type": "type", "geometry": {"coordinates": [131112, 60], "indices": [124707, 51]}}, {"type": "type", "geometry": {"coordinates": [131172, 60], "indices": [124758, 51]}}, {"type": "type", "geometry": {"coordinates": [131232, 141], "indices": [124809, 132]}}, {"type": "type", "geometry": {"coordinates": [131373, 63], "indices": [124941, 54]}}, {"type": "type", "geometry": {"coordinates": [131436, 84], "indices": [124995, 75]}}, {"type": "type", "geometry": {"coordinates": [131520, 81], "indices": [125070, 72]}}, {"type": "type", "geometry": {"coordinates": [131601, 81], "indices": [125142, 72]}}, {"type": "type", "geometry": {"coordinates": [131682, 63], "indices": [125214, 54]}}, {"type": "type", "geometry": {"coordinates": [131745, 27], "indices": [125268, 18]}}, {"type": "type", "geometry": {"coordinates": [131772, 75], "indices": [125286, 66]}}, {"type": "type", "geometry": {"coordinates": [131847, 15], "indices": [125352, 6]}}, {"type": "type", "geometry": {"coordinates": [131862, 39], "indices": [125358, 30]}}, {"type": "type", "geometry": {"coordinates": [131901, 30], "indices": [125388, 21]}}, {"type": "type", "geometry": {"coordinates": [131931, 84], "indices": [125409, 75]}}, {"type": "type", "geometry": {"coordinates": [132015, 48], "indices": [125484, 39]}}, {"type": "type", "geometry": {"coordinates": [132063, 81], "indices": [125523, 72]}}, {"type": "type", "geometry": {"coordinates": [132144, 51], "indices": [125595, 42]}}, {"type": "type", "geometry": {"coordinates": [132195, 39], "indices": [125637, 30]}}, {"type": "type", "geometry": {"coordinates": [132234, 36], "indices": [125667, 27]}}, {"type": "type", "geometry": {"coordinates": [132270, 39], "indices": [125694, 30]}}, {"type": "type", "geometry": {"coordinates": [132309, 30], "indices": [125724, 21]}}, {"type": "type", "geometry": {"coordinates": [132339, 39], "indices": [125745, 30]}}, {"type": "type", "geometry": {"coordinates": [132378, 36], "indices": [125775, 27]}}, {"type": "type", "geometry": {"coordinates": [132414, 57], "indices": [125802, 48]}}, {"type": "type", "geometry": {"coordinates": [132471, 159], "indices": [125850, 150]}}, {"type": "type", "geometry": {"coordinates": [132630, 27], "indices": [126000, 18]}}, {"type": "type", "geometry": {"coordinates": [132657, 21], "indices": [126018, 12]}}, {"type": "type", "geometry": {"coordinates": [132678, 96], "indices": [126030, 87]}}, {"type": "type", "geometry": {"coordinates": [132774, 45], "indices": [126117, 36]}}, {"type": "type", "geometry": {"coordinates": [132819, 537], "indices": [126153, 528]}}, {"type": "type", "geometry": {"coordinates": [133356, 171], "indices": [126681, 162]}}, {"type": "type", "geometry": {"coordinates": [133527, 120], "indices": [126843, 111]}}, {"type": "type", "geometry": {"coordinates": [133647, 42], "indices": [126954, 33]}}, {"type": "type", "geometry": {"coordinates": [133689, 30], "indices": [126987, 21]}}, {"type": "type", "geometry": {"coordinates": [133719, 33], "indices": [127008, 24]}}, {"type": "type", "geometry": {"coordinates": [133752, 24], "indices": [127032, 15]}}, {"type": "type", "geometry": {"coordinates": [133776, 42], "indices": [127047, 33]}}, {"type": "type", "geometry": {"coordinates": [133818, 171], "indices": [127080, 162]}}, {"type": "type", "geometry": {"coordinates": [133989, 36], "indices": [127242, 27]}}, {"type": "type", "geometry": {"coordinates": [134025, 45], "indices": [127269, 36]}}, {"type": "type", "geometry": {"coordinates": [134070, 93], "indices": [127305, 84]}}, {"type": "type", "geometry": {"coordinates": [134163, 27], "indices": [127389, 18]}}, {"type": "type", "geometry": {"coordinates": [134190, 30], "indices": [127407, 21]}}, {"type": "type", "geometry": {"coordinates": [134220, 51], "indices": [127428, 42]}}, {"type": "type", "geometry": {"coordinates": [134271, 117], "indices": [127470, 108]}}, {"type": "type", "geometry": {"coordinates": [134388, 18], "indices": [127578, 9]}}, {"type": "type", "geometry": {"coordinates": [134406, 18], "indices": [127587, 9]}}, {"type": "type", "geometry": {"coordinates": [134424, 36], "indices": [127596, 27]}}, {"type": "type", "geometry": {"coordinates": [134460, 249], "indices": [127623, 240]}}, {"type": "type", "geometry": {"coordinates": [134709, 636], "indices": [127863, 627]}}, {"type": "type", "geometry": {"coordinates": [135345, 141], "indices": [128490, 132]}}, {"type": "type", "geometry": {"coordinates": [135486, 60], "indices": [128622, 51]}}, {"type": "type", "geometry": {"coordinates": [135546, 60], "indices": [128673, 51]}}, {"type": "type", "geometry": {"coordinates": [135606, 105], "indices": [128724, 96]}}, {"type": "type", "geometry": {"coordinates": [135711, 15], "indices": [128820, 6]}}, {"type": "type", "geometry": {"coordinates": [135726, 207], "indices": [128826, 198]}}, {"type": "type", "geometry": {"coordinates": [135933, 147], "indices": [129024, 138]}}, {"type": "type", "geometry": {"coordinates": [136080, 393], "indices": [129162, 384]}}, {"type": "type", "geometry": {"coordinates": [136473, 291], "indices": [129546, 282]}}, {"type": "type", "geometry": {"coordinates": [136764, 126], "indices": [129828, 117]}}, {"type": "type", "geometry": {"coordinates": [136890, 51], "indices": [129945, 42]}}, {"type": "type", "geometry": {"coordinates": [136941, 228], "indices": [129987, 219]}}, {"type": "type", "geometry": {"coordinates": [137169, 93], "indices": [130206, 84]}}, {"type": "type", "geometry": {"coordinates": [137262, 159], "indices": [130290, 150]}}, {"type": "type", "geometry": {"coordinates": [137421, 258], "indices": [130440, 249]}}, {"type": "type", "geometry": {"coordinates": [137679, 216], "indices": [130689, 207]}}, {"type": "type", "geometry": {"coordinates": [137895, 24], "indices": [130896, 15]}}, {"type": "type", "geometry": {"coordinates": [137919, 63], "indices": [130911, 54]}}, {"type": "type", "geometry": {"coordinates": [137982, 51], "indices": [130965, 42]}}, {"type": "type", "geometry": {"coordinates": [138033, 60], "indices": [131007, 51]}}, {"type": "type", "geometry": {"coordinates": [138093, 348], "indices": [131058, 339]}}, {"type": "type", "geometry": {"coordinates": [138441, 102], "indices": [131397, 93]}}, {"type": "type", "geometry": {"coordinates": [138543, 153], "indices": [131490, 144]}}, {"type": "type", "geometry": {"coordinates": [138696, 279], "indices": [131634, 270]}}, {"type": "type", "geometry": {"coordinates": [138975, 66], "indices": [131904, 57]}}, {"type": "type", "geometry": {"coordinates": [139041, 48], "indices": [131961, 39]}}, {"type": "type", "geometry": {"coordinates": [139089, 60], "indices": [132000, 51]}}, {"type": "type", "geometry": {"coordinates": [139149, 99], "indices": [132051, 90]}}, {"type": "type", "geometry": {"coordinates": [139248, 705], "indices": [132141, 696]}}, {"type": "type", "geometry": {"coordinates": [139953, 24], "indices": [132837, 15]}}, {"type": "type", "geometry": {"coordinates": [139977, 39], "indices": [132852, 30]}}, {"type": "type", "geometry": {"coordinates": [140016, 27], "indices": [132882, 18]}}, {"type": "type", "geometry": {"coordinates": [140043, 21], "indices": [132900, 12]}}, {"type": "type", "geometry": {"coordinates": [140064, 24], "indices": [132912, 15]}}, {"type": "type", "geometry": {"coordinates": [140088, 42], "indices": [132927, 33]}}, {"type": "type", "geometry": {"coordinates": [140130, 36], "indices": [132960, 27]}}, {"type": "type", "geometry": {"coordinates": [140166, 36], "indices": [132987, 27]}}, {"type": "type", "geometry": {"coordinates": [140202, 30], "indices": [133014, 21]}}, {"type": "type", "geometry": {"coordinates": [140232, 114], "indices": [133035, 105]}}, {"type": "type", "geometry": {"coordinates": [140346, 54], "indices": [133140, 45]}}, {"type": "type", "geometry": {"coordinates": [140400, 39], "indices": [133185, 30]}}, {"type": "type", "geometry": {"coordinates": [140439, 33], "indices": [133215, 24]}}, {"type": "type", "geometry": {"coordinates": [140472, 39], "indices": [133239, 30]}}, {"type": "type", "geometry": {"coordinates": [140511, 129], "indices": [133269, 120]}}, {"type": "type", "geometry": {"coordinates": [140640, 15], "indices": [133389, 6]}}, {"type": "type", "geometry": {"coordinates": [140655, 24], "indices": [133395, 15]}}, {"type": "type", "geometry": {"coordinates": [140679, 72], "indices": [133410, 63]}}, {"type": "type", "geometry": {"coordinates": [140751, 66], "indices": [133473, 57]}}, {"type": "type", "geometry": {"coordinates": [140817, 39], "indices": [133530, 30]}}, {"type": "type", "geometry": {"coordinates": [140856, 144], "indices": [133560, 135]}}, {"type": "type", "geometry": {"coordinates": [141000, 93], "indices": [133695, 84]}}, {"type": "type", "geometry": {"coordinates": [141093, 276], "indices": [133779, 267]}}, {"type": "type", "geometry": {"coordinates": [141369, 18], "indices": [134046, 9]}}, {"type": "type", "geometry": {"coordinates": [141387, 30], "indices": [134055, 21]}}, {"type": "type", "geometry": {"coordinates": [141417, 24], "indices": [134076, 15]}}, {"type": "type", "geometry": {"coordinates": [141441, 57], "indices": [134091, 48]}}, {"type": "type", "geometry": {"coordinates": [141498, 108], "indices": [134139, 99]}}, {"type": "type", "geometry": {"coordinates": [141606, 63], "indices": [134238, 54]}}, {"type": "type", "geometry": {"coordinates": [141669, 1377], "indices": [134292, 1368]}}, {"type": "type", "geometry": {"coordinates": [143046, 165], "indices": [135660, 156]}}, {"type": "type", "geometry": {"coordinates": [143211, 66], "indices": [135816, 57]}}, {"type": "type", "geometry": {"coordinates": [143277, 75], "indices": [135873, 66]}}, {"type": "type", "geometry": {"coordinates": [143352, 45], "indices": [135939, 36]}}, {"type": "type", "geometry": {"coordinates": [143397, 30], "indices": [135975, 21]}}, {"type": "type", "geometry": {"coordinates": [143427, 36], "indices": [135996, 27]}}, {"type": "type", "geometry": {"coordinates": [143463, 96], "indices": [136023, 87]}}, {"type": "type", "geometry": {"coordinates": [143559, 54], "indices": [136110, 45]}}, {"type": "type", "geometry": {"coordinates": [143613, 42], "indices": [136155, 33]}}, {"type": "type", "geometry": {"coordinates": [143655, 24], "indices": [136188, 15]}}, {"type": "type", "geometry": {"coordinates": [143679, 33], "indices": [136203, 24]}}, {"type": "type", "geometry": {"coordinates": [143712, 18], "indices": [136227, 9]}}, {"type": "type", "geometry": {"coordinates": [143730, 21], "indices": [136236, 12]}}, {"type": "type", "geometry": {"coordinates": [143751, 138], "indices": [136248, 129]}}, {"type": "type", "geometry": {"coordinates": [143889, 60], "indices": [136377, 51]}}, {"type": "type", "geometry": {"coordinates": [143949, 60], "indices": [136428, 51]}}, {"type": "type", "geometry": {"coordinates": [144009, 66], "indices": [136479, 57]}}, {"type": "type", "geometry": {"coordinates": [144075, 60], "indices": [136536, 51]}}, {"type": "type", "geometry": {"coordinates": [144135, 75], "indices": [136587, 66]}}, {"type": "type", "geometry": {"coordinates": [144210, 60], "indices": [136653, 51]}}, {"type": "type", "geometry": {"coordinates": [144270, 30], "indices": [136704, 21]}}, {"type": "type", "geometry": {"coordinates": [144300, 51], "indices": [136725, 42]}}, {"type": "type", "geometry": {"coordinates": [144351, 78], "indices": [136767, 69]}}, {"type": "type", "geometry": {"coordinates": [144429, 27], "indices": [136836, 18]}}, {"type": "type", "geometry": {"coordinates": [144456, 342], "indices": [136854, 333]}}, {"type": "type", "geometry": {"coordinates": [144798, 27], "indices": [137187, 18]}}, {"type": "type", "geometry": {"coordinates": [144825, 42], "indices": [137205, 33]}}, {"type": "type", "geometry": {"coordinates": [144867, 33], "indices": [137238, 24]}}, {"type": "type", "geometry": {"coordinates": [144900, 174], "indices": [137262, 165]}}, {"type": "type", "geometry": {"coordinates": [145074, 60], "indices": [137427, 51]}}, {"type": "type", "geometry": {"coordinates": [145134, 27], "indices": [137478, 18]}}, {"type": "type", "geometry": {"coordinates": [145161, 24], "indices": [137496, 15]}}, {"type": "type", "geometry": {"coordinates": [145185, 87], "indices": [137511, 78]}}, {"type": "type", "geometry": {"coordinates": [145272, 111], "indices": [137589, 102]}}, {"type": "type", "geometry": {"coordinates": [145383, 45], "indices": [137691, 36]}}, {"type": "type", "geometry": {"coordinates": [145428, 12], "indices": [137727, 3]}}, {"type": "type", "geometry": {"coordinates": [145440, 12], "indices": [137730, 3]}}, {"type": "type", "geometry": {"coordinates": [145452, 18], "indices": [137733, 9]}}, {"type": "type", "geometry": {"coordinates": [145470, 12], "indices": [137742, 3]}}, {"type": "type", "geometry": {"coordinates": [145482, 75], "indices": [137745, 66]}}, {"type": "type", "geometry": {"coordinates": [145557, 18], "indices": [137811, 9]}}, {"type": "type", "geometry": {"coordinates": [145575, 21], "indices": [137820, 12]}}, {"type": "type", "geometry": {"coordinates": [145596, 39], "indices": [137832, 30]}}, {"type": "type", "geometry": {"coordinates": [145635, 87], "indices": [137862, 78]}}, {"type": "type", "geometry": {"coordinates": [145722, 78], "indices": [137940, 69]}}, {"type": "type", "geometry": {"coordinates": [145800, 36], "indices": [138009, 27]}}, {"type": "type", "geometry": {"coordinates": [145836, 27], "indices": [138036, 18]}}, {"type": "type", "geometry": {"coordinates": [145863, 30], "indices": [138054, 21]}}, {"type": "type", "geometry": {"coordinates": [145893, 30], "indices": [138075, 21]}}, {"type": "type", "geometry": {"coordinates": [145923, 105], "indices": [138096, 96]}}, {"type": "type", "geometry": {"coordinates": [146028, 96], "indices": [138192, 87]}}, {"type": "type", "geometry": {"coordinates": [146124, 144], "indices": [138279, 135]}}, {"type": "type", "geometry": {"coordinates": [146268, 30], "indices": [138414, 21]}}, {"type": "type", "geometry": {"coordinates": [146298, 48], "indices": [138435, 39]}}, {"type": "type", "geometry": {"coordinates": [146346, 21], "indices": [138474, 12]}}, {"type": "type", "geometry": {"coordinates": [146367, 63], "indices": [138486, 54]}}, {"type": "type", "geometry": {"coordinates": [146430, 63], "indices": [138540, 54]}}, {"type": "type", "geometry": {"coordinates": [146493, 21], "indices": [138594, 12]}}, {"type": "type", "geometry": {"coordinates": [146514, 759], "indices": [138606, 750]}}, {"type": "type", "geometry": {"coordinates": [147273, 57], "indices": [139356, 48]}}, {"type": "type", "geometry": {"coordinates": [147330, 90], "indices": [139404, 81]}}, {"type": "type", "geometry": {"coordinates": [147420, 51], "indices": [139485, 42]}}, {"type": "type", "geometry": {"coordinates": [147471, 57], "indices": [139527, 48]}}, {"type": "type", "geometry": {"coordinates": [147528, 48], "indices": [139575, 39]}}, {"type": "type", "geometry": {"coordinates": [147576, 39], "indices": [139614, 30]}}, {"type": "type", "geometry": {"coordinates": [147615, 48], "indices": [139644, 39]}}, {"type": "type", "geometry": {"coordinates": [147663, 60], "indices": [139683, 51]}}, {"type": "type", "geometry": {"coordinates": [147723, 51], "indices": [139734, 42]}}, {"type": "type", "geometry": {"coordinates": [147774, 33], "indices": [139776, 24]}}, {"type": "type", "geometry": {"coordinates": [147807, 42], "indices": [139800, 33]}}, {"type": "type", "geometry": {"coordinates": [147849, 36], "indices": [139833, 27]}}, {"type": "type", "geometry": {"coordinates": [147885, 30], "indices": [139860, 21]}}, {"type": "type", "geometry": {"coordinates": [147915, 51], "indices": [139881, 42]}}, {"type": "type", "geometry": {"coordinates": [147966, 75], "indices": [139923, 66]}}, {"type": "type", "geometry": {"coordinates": [148041, 39], "indices": [139989, 30]}}, {"type": "type", "geometry": {"coordinates": [148080, 27], "indices": [140019, 18]}}, {"type": "type", "geometry": {"coordinates": [148107, 72], "indices": [140037, 63]}}, {"type": "type", "geometry": {"coordinates": [148179, 342], "indices": [140100, 333]}}, {"type": "type", "geometry": {"coordinates": [148521, 42], "indices": [140433, 33]}}, {"type": "type", "geometry": {"coordinates": [148563, 39], "indices": [140466, 30]}}, {"type": "type", "geometry": {"coordinates": [148602, 81], "indices": [140496, 72]}}, {"type": "type", "geometry": {"coordinates": [148683, 63], "indices": [140568, 54]}}, {"type": "type", "geometry": {"coordinates": [148746, 63], "indices": [140622, 54]}}, {"type": "type", "geometry": {"coordinates": [148809, 1686], "indices": [140676, 1677]}}, {"type": "type", "geometry": {"coordinates": [150495, 69], "indices": [142353, 60]}}, {"type": "type", "geometry": {"coordinates": [150564, 27], "indices": [142413, 18]}}, {"type": "type", "geometry": {"coordinates": [150591, 36], "indices": [142431, 27]}}, {"type": "type", "geometry": {"coordinates": [150627, 153], "indices": [142458, 144]}}, {"type": "type", "geometry": {"coordinates": [150780, 282], "indices": [142602, 273]}}, {"type": "type", "geometry": {"coordinates": [151062, 42], "indices": [142875, 33]}}, {"type": "type", "geometry": {"coordinates": [151104, 36], "indices": [142908, 27]}}, {"type": "type", "geometry": {"coordinates": [151140, 84], "indices": [142935, 75]}}, {"type": "type", "geometry": {"coordinates": [151224, 141], "indices": [143010, 132]}}, {"type": "type", "geometry": {"coordinates": [151365, 27], "indices": [143142, 18]}}, {"type": "type", "geometry": {"coordinates": [151392, 66], "indices": [143160, 57]}}, {"type": "type", "geometry": {"coordinates": [151458, 159], "indices": [143217, 150]}}, {"type": "type", "geometry": {"coordinates": [151617, 30], "indices": [143367, 21]}}, {"type": "type", "geometry": {"coordinates": [151647, 72], "indices": [143388, 63]}}, {"type": "type", "geometry": {"coordinates": [151719, 42], "indices": [143451, 33]}}, {"type": "type", "geometry": {"coordinates": [151761, 30], "indices": [143484, 21]}}, {"type": "type", "geometry": {"coordinates": [151791, 42], "indices": [143505, 33]}}, {"type": "type", "geometry": {"coordinates": [151833, 27], "indices": [143538, 18]}}, {"type": "type", "geometry": {"coordinates": [151860, 108], "indices": [143556, 99]}}, {"type": "type", "geometry": {"coordinates": [151968, 267], "indices": [143655, 258]}}, {"type": "type", "geometry": {"coordinates": [152235, 54], "indices": [143913, 45]}}, {"type": "type", "geometry": {"coordinates": [152289, 42], "indices": [143958, 33]}}, {"type": "type", "geometry": {"coordinates": [152331, 30], "indices": [143991, 21]}}, {"type": "type", "geometry": {"coordinates": [152361, 30], "indices": [144012, 21]}}, {"type": "type", "geometry": {"coordinates": [152391, 294], "indices": [144033, 285]}}, {"type": "type", "geometry": {"coordinates": [152685, 87], "indices": [144318, 78]}}, {"type": "type", "geometry": {"coordinates": [152772, 894], "indices": [144396, 885]}}, {"type": "type", "geometry": {"coordinates": [153666, 255], "indices": [145281, 246]}}, {"type": "type", "geometry": {"coordinates": [153921, 72], "indices": [145527, 63]}}, {"type": "type", "geometry": {"coordinates": [153993, 78], "indices": [145590, 69]}}, {"type": "type", "geometry": {"coordinates": [154071, 33], "indices": [145659, 24]}}, {"type": "type", "geometry": {"coordinates": [154104, 42], "indices": [145683, 33]}}, {"type": "type", "geometry": {"coordinates": [154146, 36], "indices": [145716, 27]}}, {"type": "type", "geometry": {"coordinates": [154182, 108], "indices": [145743, 99]}}, {"type": "type", "geometry": {"coordinates": [154290, 30], "indices": [145842, 21]}}, {"type": "type", "geometry": {"coordinates": [154320, 66], "indices": [145863, 57]}}, {"type": "type", "geometry": {"coordinates": [154386, 48], "indices": [145920, 39]}}, {"type": "type", "geometry": {"coordinates": [154434, 72], "indices": [145959, 63]}}, {"type": "type", "geometry": {"coordinates": [154506, 108], "indices": [146022, 99]}}, {"type": "type", "geometry": {"coordinates": [154614, 84], "indices": [146121, 75]}}, {"type": "type", "geometry": {"coordinates": [154698, 264], "indices": [146196, 255]}}, {"type": "type", "geometry": {"coordinates": [154962, 81], "indices": [146451, 72]}}, {"type": "type", "geometry": {"coordinates": [155043, 108], "indices": [146523, 99]}}, {"type": "type", "geometry": {"coordinates": [155151, 81], "indices": [146622, 72]}}, {"type": "type", "geometry": {"coordinates": [155232, 153], "indices": [146694, 144]}}, {"type": "type", "geometry": {"coordinates": [155385, 36], "indices": [146838, 27]}}, {"type": "type", "geometry": {"coordinates": [155421, 42], "indices": [146865, 33]}}, {"type": "type", "geometry": {"coordinates": [155463, 108], "indices": [146898, 99]}}, {"type": "type", "geometry": {"coordinates": [155571, 84], "indices": [146997, 75]}}, {"type": "type", "geometry": {"coordinates": [155655, 15], "indices": [147072, 6]}}, {"type": "type", "geometry": {"coordinates": [155670, 39], "indices": [147078, 30]}}, {"type": "type", "geometry": {"coordinates": [155709, 45], "indices": [147108, 36]}}, {"type": "type", "geometry": {"coordinates": [155754, 39], "indices": [147144, 30]}}, {"type": "type", "geometry": {"coordinates": [155793, 45], "indices": [147174, 36]}}, {"type": "type", "geometry": {"coordinates": [155838, 57], "indices": [147210, 48]}}, {"type": "type", "geometry": {"coordinates": [155895, 48], "indices": [147258, 39]}}, {"type": "type", "geometry": {"coordinates": [155943, 60], "indices": [147297, 51]}}, {"type": "type", "geometry": {"coordinates": [156003, 48], "indices": [147348, 39]}}, {"type": "type", "geometry": {"coordinates": [156051, 39], "indices": [147387, 30]}}, {"type": "type", "geometry": {"coordinates": [156090, 39], "indices": [147417, 30]}}, {"type": "type", "geometry": {"coordinates": [156129, 33], "indices": [147447, 24]}}, {"type": "type", "geometry": {"coordinates": [156162, 186], "indices": [147471, 177]}}, {"type": "type", "geometry": {"coordinates": [156348, 81], "indices": [147648, 72]}}, {"type": "type", "geometry": {"coordinates": [156429, 150], "indices": [147720, 141]}}, {"type": "type", "geometry": {"coordinates": [156579, 63], "indices": [147861, 54]}}, {"type": "type", "geometry": {"coordinates": [156642, 1326], "indices": [147915, 1317]}}, {"type": "type", "geometry": {"coordinates": [157968, 48], "indices": [149232, 39]}}, {"type": "type", "geometry": {"coordinates": [158016, 150], "indices": [149271, 141]}}, {"type": "type", "geometry": {"coordinates": [158166, 60], "indices": [149412, 51]}}, {"type": "type", "geometry": {"coordinates": [158226, 87], "indices": [149463, 78]}}, {"type": "type", "geometry": {"coordinates": [158313, 237], "indices": [149541, 228]}}, {"type": "type", "geometry": {"coordinates": [158550, 303], "indices": [149769, 294]}}, {"type": "type", "geometry": {"coordinates": [158853, 126], "indices": [150063, 117]}}, {"type": "type", "geometry": {"coordinates": [158979, 51], "indices": [150180, 42]}}, {"type": "type", "geometry": {"coordinates": [159030, 87], "indices": [150222, 78]}}, {"type": "type", "geometry": {"coordinates": [159117, 84], "indices": [150300, 75]}}, {"type": "type", "geometry": {"coordinates": [159201, 81], "indices": [150375, 72]}}, {"type": "type", "geometry": {"coordinates": [159282, 15], "indices": [150447, 6]}}, {"type": "type", "geometry": {"coordinates": [159297, 120], "indices": [150453, 111]}}, {"type": "type", "geometry": {"coordinates": [159417, 51], "indices": [150564, 42]}}, {"type": "type", "geometry": {"coordinates": [159468, 111], "indices": [150606, 102]}}, {"type": "type", "geometry": {"coordinates": [159579, 123], "indices": [150708, 114]}}, {"type": "type", "geometry": {"coordinates": [159702, 63], "indices": [150822, 54]}}, {"type": "type", "geometry": {"coordinates": [159765, 189], "indices": [150876, 180]}}, {"type": "type", "geometry": {"coordinates": [159954, 90], "indices": [151056, 81]}}, {"type": "type", "geometry": {"coordinates": [160044, 27], "indices": [151137, 18]}}, {"type": "type", "geometry": {"coordinates": [160071, 21], "indices": [151155, 12]}}, {"type": "type", "geometry": {"coordinates": [160092, 15], "indices": [151167, 6]}}, {"type": "type", "geometry": {"coordinates": [160107, 66], "indices": [151173, 57]}}, {"type": "type", "geometry": {"coordinates": [160173, 42], "indices": [151230, 33]}}, {"type": "type", "geometry": {"coordinates": [160215, 30], "indices": [151263, 21]}}, {"type": "type", "geometry": {"coordinates": [160245, 69], "indices": [151284, 60]}}, {"type": "type", "geometry": {"coordinates": [160314, 60], "indices": [151344, 51]}}, {"type": "type", "geometry": {"coordinates": [160374, 57], "indices": [151395, 48]}}, {"type": "type", "geometry": {"coordinates": [160431, 21], "indices": [151443, 12]}}, {"type": "type", "geometry": {"coordinates": [160452, 60], "indices": [151455, 51]}}, {"type": "type", "geometry": {"coordinates": [160512, 90], "indices": [151506, 81]}}, {"type": "type", "geometry": {"coordinates": [160602, 72], "indices": [151587, 63]}}, {"type": "type", "geometry": {"coordinates": [160674, 93], "indices": [151650, 84]}}, {"type": "type", "geometry": {"coordinates": [160767, 90], "indices": [151734, 81]}}, {"type": "type", "geometry": {"coordinates": [160857, 42], "indices": [151815, 33]}}, {"type": "type", "geometry": {"coordinates": [160899, 48], "indices": [151848, 39]}}, {"type": "type", "geometry": {"coordinates": [160947, 120], "indices": [151887, 111]}}, {"type": "type", "geometry": {"coordinates": [161067, 78], "indices": [151998, 69]}}, {"type": "type", "geometry": {"coordinates": [161145, 21], "indices": [152067, 12]}}, {"type": "type", "geometry": {"coordinates": [161166, 60], "indices": [152079, 51]}}, {"type": "type", "geometry": {"coordinates": [161226, 60], "indices": [152130, 51]}}, {"type": "type", "geometry": {"coordinates": [161286, 27], "indices": [152181, 18]}}, {"type": "type", "geometry": {"coordinates": [161313, 36], "indices": [152199, 27]}}, {"type": "type", "geometry": {"coordinates": [161349, 24], "indices": [152226, 15]}}, {"type": "type", "geometry": {"coordinates": [161373, 39], "indices": [152241, 30]}}, {"type": "type", "geometry": {"coordinates": [161412, 192], "indices": [152271, 183]}}, {"type": "type", "geometry": {"coordinates": [161604, 36], "indices": [152454, 27]}}, {"type": "type", "geometry": {"coordinates": [161640, 39], "indices": [152481, 30]}}, {"type": "type", "geometry": {"coordinates": [161679, 54], "indices": [152511, 45]}}, {"type": "type", "geometry": {"coordinates": [161733, 57], "indices": [152556, 48]}}, {"type": "type", "geometry": {"coordinates": [161790, 21], "indices": [152604, 12]}}, {"type": "type", "geometry": {"coordinates": [161811, 300], "indices": [152616, 291]}}, {"type": "type", "geometry": {"coordinates": [162111, 60], "indices": [152907, 51]}}, {"type": "type", "geometry": {"coordinates": [162171, 129], "indices": [152958, 120]}}, {"type": "type", "geometry": {"coordinates": [162300, 60], "indices": [153078, 51]}}]}