{"id": "zip", "type": "TRIANGLES_3D_LAYER", "renderStyle": ["SMOOTH_COLOR_MAP", "PICKING"], "styleKey": "land", "visible": true, "selectable": false, "skip": false, "data": [{"geometry": {"coordinates": [0, 369], "indices": [0, 363]}}, {"geometry": {"coordinates": [369, 450], "indices": [363, 444]}}, {"geometry": {"coordinates": [819, 663], "indices": [807, 657]}}, {"geometry": {"coordinates": [1482, 306], "indices": [1464, 300]}}, {"geometry": {"coordinates": [1788, 576], "indices": [1764, 570]}}, {"geometry": {"coordinates": [2364, 1890], "indices": [2334, 1884]}}, {"geometry": {"coordinates": [4254, 2301], "indices": [4218, 2295]}}, {"geometry": {"coordinates": [6555, 1674], "indices": [6513, 1668]}}, {"geometry": {"coordinates": [8229, 3510], "indices": [8181, 3504]}}, {"geometry": {"coordinates": [11739, 330], "indices": [11685, 324]}}, {"geometry": {"coordinates": [12069, 642], "indices": [12009, 636]}}, {"geometry": {"coordinates": [12711, 675], "indices": [12645, 669]}}, {"geometry": {"coordinates": [13386, 39], "indices": [13314, 33]}}, {"geometry": {"coordinates": [13464, 573], "indices": [13380, 567]}}, {"geometry": {"coordinates": [14037, 528], "indices": [13947, 522]}}, {"geometry": {"coordinates": [14685, 327], "indices": [14565, 321]}}, {"geometry": {"coordinates": [15276, 297], "indices": [15108, 291]}}, {"geometry": {"coordinates": [16299, 375], "indices": [16065, 369]}}, {"geometry": {"coordinates": [16812, 486], "indices": [16536, 480]}}, {"geometry": {"coordinates": [17400, 63], "indices": [17100, 57]}}, {"geometry": {"coordinates": [17463, 243], "indices": [17157, 237]}}, {"geometry": {"coordinates": [17973, 264], "indices": [17619, 258]}}, {"geometry": {"coordinates": [18282, 843], "indices": [17916, 837]}}, {"geometry": {"coordinates": [19185, 135], "indices": [18801, 129]}}, {"geometry": {"coordinates": [19320, 153], "indices": [18930, 147]}}, {"geometry": {"coordinates": [19473, 408], "indices": [19077, 402]}}, {"geometry": {"coordinates": [19881, 567], "indices": [19479, 561]}}, {"geometry": {"coordinates": [20448, 321], "indices": [20040, 315]}}, {"geometry": {"coordinates": [20769, 336], "indices": [20355, 330]}}, {"geometry": {"coordinates": [21105, 645], "indices": [20685, 639]}}, {"geometry": {"coordinates": [21750, 402], "indices": [21324, 396]}}, {"geometry": {"coordinates": [22152, 1758], "indices": [21720, 1752]}}, {"geometry": {"coordinates": [23910, 198], "indices": [23472, 192]}}, {"geometry": {"coordinates": [24132, 849], "indices": [23682, 843]}}, {"geometry": {"coordinates": [24981, 639], "indices": [24525, 633]}}, {"geometry": {"coordinates": [25647, 900], "indices": [25179, 894]}}, {"geometry": {"coordinates": [26559, 24], "indices": [26079, 18]}}, {"geometry": {"coordinates": [26613, 201], "indices": [26121, 195]}}, {"geometry": {"coordinates": [26934, 198], "indices": [26406, 192]}}, {"geometry": {"coordinates": [27132, 444], "indices": [26598, 438]}}, {"geometry": {"coordinates": [27750, 618], "indices": [27192, 612]}}, {"geometry": {"coordinates": [28425, 117], "indices": [27855, 111]}}, {"geometry": {"coordinates": [28542, 240], "indices": [27966, 234]}}, {"geometry": {"coordinates": [28851, 330], "indices": [28257, 324]}}, {"geometry": {"coordinates": [29232, 288], "indices": [28626, 282]}}, {"geometry": {"coordinates": [29520, 480], "indices": [28908, 474]}}, {"geometry": {"coordinates": [30000, 1674], "indices": [29382, 1668]}}, {"geometry": {"coordinates": [31674, 207], "indices": [31050, 201]}}, {"geometry": {"coordinates": [31881, 495], "indices": [31251, 489]}}]}